system,workload,concurrency,e2e_ms_avg,e2e_ms_max,e2e_ms_min,e2e_ms_p50,e2e_ms_p90,e2e_ms_p95,e2e_ms_p99,itl_ms_avg,itl_ms_max,itl_ms_min,itl_ms_p50,itl_ms_p90,itl_ms_p95,itl_ms_p99,out_tok_per_s_avg,out_tok_per_s_per_user_avg,out_tok_per_s_per_user_max,out_tok_per_s_per_user_min,out_tok_per_s_per_user_p50,out_tok_per_s_per_user_p90,out_tok_per_s_per_user_p95,out_tok_per_s_per_user_p99,req_per_s_avg,ttft_ms_avg,ttft_ms_max,ttft_ms_min,ttft_ms_p50,ttft_ms_p90,ttft_ms_p95,ttft_ms_p99
artifacts_c03,agent,1,4538.64833244,4572.625253,3073.380971,4553.074982499999,4557.2044843,4562.7315383,4569.42478496,4.687074606409886,8.870542777120315,4.393374402616279,4.433498658430934,4.628417282266336,6.992543110333331,8.085107083369033,213.75313884433513,217.76546970017804,227.61547465758767,112.73267320003099,225.5554995561483,226.74089239967404,226.85126333051048,227.23244349870444,0.21857043114681082,51.98263512,68.61238399999999,44.773615,50.8864215,56.037539900000006,60.27778885,64.23180824000002
artifacts_c03,agent,128,21783.843864021484,24797.399714,4140.202948,23328.691776,23547.9939247,23966.213067499997,24591.12159232,11.694390256884388,52.98495012796208,8.647914719298244,11.098489534887797,11.533260102405846,15.412688604561462,24.54971408319209,5308.668665313059,87.9288406615265,115.63481283741744,18.873283783129647,90.10235103477473,91.57353847191384,97.66805047777633,102.13568113054569,5.471565285723777,10750.038528669922,13400.378893,201.895087,12054.962453,12282.4757912,12791.03346925,13392.234530049998
artifacts_c03,agent,16,5843.6097269599995,6079.104934,2439.041154,5996.441549,6073.150433899999,6075.8369901999995,6079.041203739999,5.748936785843526,16.888195231707314,4.639933478005864,5.582249555931574,5.787122652991646,6.422267505563491,8.848432115298765,2365.641422329491,177.53029758150535,215.52033121599337,59.21295829897299,179.13925024052466,184.49346681970516,188.97040346593408,213.44634746199176,2.4302870580742666,351.35285961,549.915084,53.196785999999996,368.31483,505.3249297,548.21416315,549.82985985
artifacts_c03,agent,4,4772.990146319999,4921.495583,1661.3503739999999,4878.930807,4888.66565,4891.68285585,4921.223182520001,5.034080989290383,12.419322026246718,4.5814584848484845,4.686458999011857,5.934093854880952,7.150795399871109,10.302950339937098,777.1425774641734,204.57244211763157,218.27110369048154,80.51969325592992,213.3807290378806,215.39572450838858,215.75617975660768,217.41003211534093,0.8159405506474602,125.74817988999999,180.21136099999998,77.550889,135.693287,144.19788150000002,149.5344592,179.94030098
artifacts_c03,agent,64,11635.191821851562,11762.266972,6964.495287,11699.596980999999,11724.8953255,11732.81477075,11737.7939526,11.287296317512595,39.32136570671378,9.543132137447405,10.590476941755643,11.809022682905047,15.67558052494447,25.73412786730792,5289.551000948184,91.7145592026694,104.7873995243117,25.431466634671306,94.4244540067261,100.80033477223259,102.08084516669098,102.57072054365628,5.448625319856816,1036.5133544062498,1790.093281,206.609566,969.1420254999999,1711.7733435,1746.44879625,1782.7967247499998
artifacts_c03,batch,1,609.62930889,643.42764,603.990011,608.6944765,611.6972318999999,617.80738415,620.95545675,4.413018569254085,4.817348655172414,4.296840377952756,4.3983350078740155,4.4654890312,4.498727584274194,4.548320738259043,207.25560667229658,226.63591246244727,232.7291479411328,207.5830652046109,227.35876151229465,228.0112485715232,228.17248201159165,230.3280300908234,1.6262994873846248,51.72224459,85.612488,48.761410999999995,50.4560695,55.4232957,60.95727845,62.24036505000012
artifacts_c03,batch,128,5236.843548607421,6973.974926999999,2742.722653,5479.0148,5705.4076066,6158.9061498500005,6770.307128449999,18.159440023718524,22.75883671568627,8.288352787401575,18.484442472440943,19.86555562913386,20.00864252559055,21.313646434740654,2951.867139026866,56.32378578020336,120.6512350101718,43.938976868301935,54.09954922804793,55.45005116661884,79.16071260041106,120.11461188961609,23.173198024865922,2942.645889892578,4490.65111,128.974897,3131.6570245,3359.3564395,3834.9445384,4461.0904634
artifacts_c03,batch,16,1115.0854168199999,1164.9897389999999,741.32636,1132.8238314999999,1146.4124685999998,1146.87617575,1164.8890243199999,6.07224686983886,7.941560748031495,4.589332047244094,5.842130357017872,7.401002268575519,7.681133241338581,7.852884468031497,1675.4710681873112,168.0796485499481,217.89663282274432,125.91983260316603,171.18324289766014,191.90084294829052,193.41971104210342,217.88149262633357,13.189569929837921,349.37971097,492.78630899999996,102.778167,385.4598125,473.6226613000001,485.12952344999997,492.58230762
artifacts_c03,batch,4,716.9593089199999,773.68269,586.685791,716.1909535,720.5220797000001,723.424359,773.64970023,4.723616837469191,5.230575147540984,4.499728322834645,4.593144913385827,5.042156303937008,5.104168534009677,5.194343520743702,702.0265081584192,212.1086431225922,222.23563918855453,191.18356429122778,217.71575278806444,218.6898225228923,221.8912184119504,222.23264471201742,5.522984093764608,121.40461318,192.04895399999998,70.998689,133.0187215,140.58520610000002,146.9675248,191.92172711999999
artifacts_c03,batch,64,2789.5990255234374,2823.1291579999997,2747.523656,2790.6856135,2812.9835915,2815.82535775,2819.3582259,14.054186620508238,26.101548470588234,8.265449527559054,14.12687931871016,19.157452987263184,19.520344261811026,20.12085988502857,2908.6080342101154,76.72363943897251,120.9855551916145,38.31190326224594,70.7875684003609,110.769634640958,118.53600569971465,120.66981074979054,22.835699596951255,1015.7931667265625,1757.8266119999998,133.191856,1007.0916615,1663.4733655,1722.9212082499998,1749.9087514999999
artifacts_c03,chat,1,1156.31582132,1166.8092669999999,909.083227,1157.571369,1163.7660887999998,1165.77188725,1166.20929136,4.41007401062573,4.713208810126582,4.357770176470588,4.3937316719367585,4.464363887148594,4.494389913229629,4.691328001392406,216.7966739575402,226.80200609447985,229.4751580520275,212.16967893538822,227.5969664717666,229.39675874613647,229.42059581122788,229.46857628938162,0.8569377206907001,45.219006639999996,54.107873999999995,39.822296,43.912047,51.1005941,51.858715049999994,53.093337840000004
artifacts_c03,chat,128,5065.363245230468,6000.557612,2122.8250479999997,5378.372502499999,5521.3344486999995,5592.092406149999,5823.466792529999,9.315915935614035,13.205103302158273,7.19690602745098,9.237217256931949,10.116772718636044,10.290471479960317,10.563075709099591,5980.2399661617865,107.87250932681816,138.94859765928925,75.72829815246939,108.257750249151,112.32271672914652,121.10540217658563,133.43262631417605,23.67166761507588,2722.3932794648435,3593.42291,107.599775,2983.0751139999998,3115.9840961,3318.84339465,3531.5608409099996
artifacts_c03,chat,16,1543.1637532,1585.618757,1167.850401,1566.1730599999999,1584.8605134,1585.11240215,1585.27109771,5.021711176106606,5.995942928270042,4.501814458823529,4.95593075490196,5.3051788124108,5.523311369803921,5.637331586782702,2371.2884192060574,199.53652165001768,222.13265543185724,166.779439358093,201.77844482770703,207.0070281956628,207.05011586356324,221.27892428684925,9.370088984099487,277.43285786999996,353.71392299999997,78.287436,314.209123,353.0371734,353.45226925,353.52603387
artifacts_c03,chat,4,1238.1906643199998,1283.8652849999999,1229.648724,1235.751473,1242.0287953,1264.2446305499998,1283.66124105,4.553378076960595,4.895219734177215,4.4775171640625,4.53916568681379,4.629317383281161,4.688092555526559,4.777629327716772,814.8290379484552,219.669627113903,223.33806066143342,204.28092185898151,220.30509001566037,222.44629263467067,222.5749757239156,223.1330038029585,3.2098839391312004,87.06738293000001,137.100863,65.100973,88.0566145,94.401882,117.89821554999999,136.89310952
artifacts_c03,chat,64,2721.9122491210937,2787.675805,1318.765993,2752.9122374999997,2776.7765919999997,2777.64270325,2783.6636531999998,8.446214412411305,12.455092730158729,6.936325586956521,8.403007329365078,9.732846314994216,9.914623570158103,10.829460550876377,5805.739520912135,119.77365941118376,144.16854968291273,80.28844278120889,119.00501771144985,138.07726603899812,138.6100722136934,139.47347463709266,23.156022705515408,618.2554043359374,926.4859859999999,138.78133,627.071102,907.5032729999999,916.1943027499999,925.3665683999999
artifacts_c03,rag,1,1308.25756287,1329.341099,1284.570238,1306.0304159999998,1316.5770762,1319.2565000999998,1327.17569972,4.5390369968189095,4.8113397708333325,4.477009725490196,4.523011376470588,4.588930435856574,4.6074613184827315,4.663603633611948,193.68313730212301,220.32991321440323,223.36337451009405,207.84231578531774,221.09164041893683,221.46779392695697,221.58199100032323,223.31949323513848,0.7595715020280129,155.48204055,172.73885099999998,148.452904,153.37728199999998,163.5110076,167.85614544999999,170.72537415
artifacts_c03,rag,16,3596.59628536,3697.2629589999997,1772.588908,3673.518596,3684.2100361,3692.1627938,3696.90531556,9.820985240026134,13.693696807843137,4.9904612,9.80843217254902,12.949512361010921,13.427271414117644,13.665132718313725,1070.6275018585113,107.25524157905394,200.3822813009747,73.02629918220802,101.95309385920851,137.07967695901274,137.54945898105677,196.46445602878197,4.191635352981408,1097.77168575,1843.376345,173.504918,1149.705601,1801.5393930999999,1815.0383805999998,1843.17714215
artifacts_c03,rag,4,1752.75587783,1799.188457,1017.6980599999999,1757.926661,1765.1041026999999,1775.1138640499998,1796.0352862099999,5.571621654433036,6.955156611111111,5.016382478431373,5.323891378091398,6.285749487265709,6.3724432371565936,6.865955718686218,572.6663955032026,181.24862762872718,199.34684093560202,143.77821462746996,187.9519510678943,198.70516683862195,198.8990510211465,199.3239944970253,2.261715622050563,350.09066607,515.796445,155.87607,417.0137675,480.88052089999996,485.44286105,508.43959462000004
artifacts_c03,rag,64,11629.458115484375,17582.867,5905.495182,11631.474626,14640.715242499999,16164.55083975,17346.555703299997,37.48740423571173,45.82142131623932,16.976042749999998,39.31871809215686,41.461645819708195,43.15018025219716,45.015643547843126,1396.3458095185465,27.715629268632103,58.90654345813308,21.823853806245758,25.433179121713206,35.799128183854975,44.905847880602195,56.925497144104135,5.478887364918581,2115.9493838320313,7454.23913,217.03373,1644.3764024999998,4588.7191685,6096.12986725,7272.3667058500005
artifacts_c03,summarize,1,1208.57113708,1238.921998,1201.134635,1206.7580165,1213.8567136,1220.0977069,1236.70234474,4.669970483374569,4.935599268817204,4.574685462311558,4.643815128140703,4.736518346666666,4.79443808,4.893268310307219,163.60530711727444,214.16618701999806,218.59426363593238,202.60964181552077,215.3401831060004,215.64720764050804,215.77467271010283,216.39119703155788,0.8225505636866488,284.51053076999995,315.89475,275.921377,283.05159399999997,287.1948881,294.30593435,313.74774987
artifacts_c03,summarize,16,5365.945555109999,7132.862728,2061.1650449999997,5471.1729165,6151.9053398,6415.9406906,6895.0017154900015,18.328437197044845,26.86109084895833,5.56139697979798,17.763895727540763,24.78351389798995,25.573507975376884,26.300635630824612,570.6655365915951,59.0517653083518,179.8109366464117,37.22856996475181,56.29405319225232,75.19532147182369,83.08098224675078,152.37811018970524,2.8636367753492324,1732.13717637,3602.444337,294.609041,1901.747158,2863.6879567,3092.59671175,3408.308920800001
artifacts_c03,summarize,4,2026.7230163099998,2058.268187,1998.009192,2027.0881204999998,2035.0973639,2040.06710815,2055.66336434,7.1550378187767825,8.89025056122449,5.53679656281407,7.130045250921273,8.736518380790315,8.838776758163265,8.885052374285713,391.6609284170736,143.7590000876824,180.6098505977527,112.4827689740913,140.71502384781616,179.35025337517973,179.72574463832697,180.357356761661,1.9661693193628194,608.92760547,937.609709,272.007166,612.3550805,918.8898115,923.21242315,933.9970307
artifacts_c03,summarize,64,20014.713704015623,34042.791242,6146.226533999999,20187.602014,27501.420571,30771.87441425,33358.557623299996,86.40927218141918,100.21922652525252,24.874375834170856,94.40874043718594,96.23392114795917,97.07612081323283,99.5061213011249,632.1820571061377,12.598116361507882,40.20201377781961,9.978125302613737,10.592239610670152,18.053001099491297,25.159387493738716,35.576033672324655,3.17560988597946,2895.2912995742186,15002.410371999998,347.255566,1358.371488,8937.8830475,12046.50862975,14548.178020299996
artifacts_c03,think,1,1320.06613686,4191.030674,44.871618999999995,1046.3049449999999,2533.3928539,3034.9557920999996,3426.1534396700035,4.315353215292949,4.387586813953488,2.360954,4.359937579926601,4.369843021429609,4.373444674824894,4.3797260453494795,220.15931763449066,232.78085289355917,423.55759578543245,227.91571823029932,229.36108256607827,231.4997691860356,237.8327790340343,293.8120937007786,0.7499891590342043,43.87623913,68.995035,40.634098,42.710622,48.290335500000005,49.62251519999999,56.08860795000007
artifacts_c03,think,128,5886.6973667890625,17469.959995999998,980.558983,5323.850004,9314.155289500002,10555.98351045,12228.203966089997,10.938094620078346,68.2831255,6.051053917835671,10.766821446210496,11.705129258949704,12.518600362680953,17.037693899230753,5010.968126618514,94.81496123565428,165.2604676108518,14.644906668778658,92.87792309577063,109.58626710296635,121.0999726306889,143.44232618873554,17.181075758254845,2850.221847564453,4168.436358,202.44564,3154.2680645,3645.0532187000003,3795.17228635,3980.25840823
artifacts_c03,think,16,1710.4625317599998,5720.801584,69.803719,1238.864558,3636.359782100002,4151.2764062999995,4956.104434630004,5.757191428540493,8.8461555,3.820144,5.767711501714939,6.0762536271344905,6.217882750033258,7.179902655000008,2287.795781765686,174.918313370887,261.77023693347684,113.043457126658,173.37899100934655,189.01258966638514,196.85539580095752,213.36039320799034,8.101546732411508,103.65411295,342.052334,45.869777,62.9443105,330.02719049999996,330.78013415,331.63483427
artifacts_c03,think,4,1512.3091157899999,4838.265691,48.92821,1287.4673269999998,2956.5520268,3342.4677943999986,4449.433231600002,4.56538530374911,4.958616791666667,2.7049529999999997,4.6285082290232795,4.753277560730567,4.803263128157895,4.901507217328432,805.7644246281658,220.81052218667847,369.69219058519684,201.66914323376957,216.05233578958862,223.14300765744943,227.6903338527596,356.78650929391995,2.549968114902895,49.38911195,137.573175,40.110619,44.821301,56.82752270000002,61.80660539999999,137.57301363
artifacts_c03,think,64,3058.23928421875,11381.549336,69.598647,2544.875993,5934.3829055,6810.16790325,8268.384809099998,10.8572862183065,59.920762999999994,5.814412694868238,10.1121033832021,11.78753671804878,14.128336059711284,37.412524290000114,4627.841603376879,99.74855279309946,171.98641590793738,16.688706050021427,98.89139401612206,122.5847913034401,142.68315088374567,159.7712539866262,16.177949918265227,243.19771037890624,1002.416763,52.158471999999996,104.96702099999999,746.343436,936.58708825,994.74792335
artifacts_c04,agent,1,4435.70452026,4510.152708,2290.346415,4494.6387385,4497.370408399999,4503.2981801999995,4509.41695584,4.603545397953754,8.15464025735294,4.327978043143298,4.374934625615763,4.904343874470409,6.249950632402202,7.873687913124153,214.12112731455554,220.65855105785985,231.05477662583658,122.6295665340126,228.57484701533247,229.72099042943552,229.89707986765535,230.74127842722592,0.2213824724095901,54.682179899999994,73.553135,51.541968,53.279146,57.751699,64.3526924,66.94239020000003
artifacts_c04,agent,128,19569.73375967383,22362.442807,7592.391299999999,21013.143222,21209.8289034,21701.251461599997,22122.54869208,10.698171068935181,80.09667502419356,8.307740758354756,9.977120781342547,10.424878245816117,15.548006595842246,24.125820341044328,5837.288933300842,97.45723063224277,120.36966837155344,12.484912759461558,100.2293168758489,102.42561249453306,108.19216829729757,114.43284396117369,6.07786310047715,9711.451571003905,12203.199541,120.28330899999999,10883.191181,11095.5402839,11657.09493695,12071.320518120001
artifacts_c04,agent,16,5467.966686039999,5655.210368,2016.9649089999998,5596.316521,5640.1512846000005,5641.127619399999,5645.421591529999,5.714412718419993,24.89320066183575,4.506985005888126,5.20477356096952,5.58415489520209,9.14780221474128,11.738959055267074,2468.872627469994,185.5315370986343,221.8778182517926,40.17161206325386,192.13133424418214,198.5139301849476,198.96903711038942,221.66292692021506,2.5944709669815715,349.8517276,517.9137949999999,55.346816,353.6159135,502.0826505,506.32947075,517.42873163
artifacts_c04,agent,2,4482.371349020001,4607.642851,1399.578023,4582.7393525,4588.4749672,4596.4767352,4603.4142224199995,4.794888722537967,13.828177398773004,4.400348654936462,4.440119277832512,4.57278443292955,7.393191745477358,10.330854478129623,413.69388988809624,216.33657342901512,227.25471966367158,72.31611015409243,225.21917561798153,226.6031057311701,226.7587850038118,226.98604579672866,0.434251348737321,80.04353189,110.075696,63.242363,79.14470399999999,88.1776146,94.61696574999999,105.84698426000001
artifacts_c04,agent,3,4573.90130067,4689.18368,1680.360535,4653.4211765,4663.6656907999995,4666.10128275,4686.6734449099995,4.86797152642995,12.561500771978022,4.416771938369782,4.487284484449607,4.846010702406816,7.751659468795245,10.312962766368441,602.4421955005571,213.5981482295482,226.40969784124675,79.60832213860803,222.85192833677922,224.5526762834025,224.8015956472025,226.37858207446726,0.6295045981761498,100.01769533,149.187949,52.864729,105.77650299999999,118.5150565,120.44246065,146.52143845
artifacts_c04,agent,32,7518.188880421874,7776.63861,2026.893963,7694.943228,7761.3035647,7764.84826275,7771.261181229999,7.758449342244087,20.100919748571428,6.665371551960784,7.06088341507806,9.317684264570564,11.555593684024247,19.560127090182963,3881.9394597140636,135.25119093728927,150.0291457429444,49.74896733623693,141.62535991122652,148.90084032308314,149.19434140687375,149.85890294046106,4.134396016469748,588.9585513671875,919.2601999999999,77.355975,567.7969565,896.7220153,907.5069879499999,918.12492544
artifacts_c04,agent,4,4643.26182788,4774.174593,1966.882833,4731.8204405,4748.6676422,4754.97451455,4773.83102934,4.964898732597281,14.218507703363914,4.467843808849557,4.531887640177689,5.046343856775571,7.380778392257226,11.389046502557214,800.6211512409535,210.74760991419808,223.82161122536954,70.33086881286515,220.65860398470767,222.21901706369147,222.42504955405434,223.6053190872204,0.8407854733005193,129.78463793999998,180.595496,81.523513,140.864371,153.2470444,155.50332415,180.31814156
artifacts_c04,agent,6,5033.36151951,5215.240288,1620.557309,5167.9756495,5177.022277,5185.9309185,5214.88715005,5.413031633101655,17.77621616487455,4.507515655544651,4.887598284729063,5.332849538276067,9.318956201894322,12.386397633812953,1073.455271682463,194.69401906828665,221.8516975686839,56.25494147488934,204.59947413554437,206.1258594656302,208.78445455282048,219.91289867963366,1.1387754303683941,188.19473686999999,255.382401,89.288844,207.3683635,219.7834475,222.15537239999992,255.00003725999997
artifacts_c04,agent,64,10360.15339275,10619.466595,4713.103963,10514.774035499999,10571.7751025,10585.6060045,10604.87863815,10.209609766763974,32.20666772377622,7.917767034031413,9.457397381286121,10.259736658145012,17.1409635254509,24.57845606996217,5797.950865238749,102.49257779507265,126.2982348055825,31.049471139846013,105.73733804701854,114.13954211600874,115.15738075922651,116.37976353141472,6.05463424598759,991.9545755546875,1746.9723319999998,118.00784399999999,1035.3502724999998,1638.631745,1673.44208325,1724.1634697499996
artifacts_c04,agent,8,5027.28970483,5106.025554,3398.238908,5068.236522,5081.4681043,5102.222750149999,5105.86720152,4.996094549797084,11.011518095923261,4.511951668302257,4.7505171397423185,4.920768768006033,6.920722759130119,8.54573434958914,1484.2951458568523,204.08825544695878,221.63357977109644,90.81399960376261,210.50341552383597,212.86899791106612,213.0863164381486,220.13756096947532,1.5176066109675908,239.78259755,314.39725699999997,90.610137,268.2537645,285.5883985,310.66014184999995,314.19061132999997
artifacts_c04,batch,1,599.5141093,628.254144,294.062541,603.72041,606.8115481,610.9213492,616.17685086,4.347220577600036,4.546324104651162,4.264173913385827,4.331159031496063,4.412987928,4.4283887036290315,4.517063488013726,207.32279729279713,230.0541309433906,234.51201107460994,219.95792138465006,230.88508114089495,231.60195596778289,231.8304251535949,233.62437633652456,1.6402120038987116,54.5426742,78.538902,50.952189999999995,54.213144,58.26097460000001,62.03521739999999,67.25970231000007
artifacts_c04,batch,128,5027.6186132128905,6757.857297,2661.2810649999997,5253.3228285,5471.774497699999,5951.9681163,6566.110748079999,17.2391006276389,25.635163735632183,7.424526204724409,17.57051733464567,18.866508834645668,19.04014236023622,20.32372234433575,3074.1199516633687,59.54598674717028,134.68872927725343,39.00891799688515,56.91352062669016,58.51594243509342,84.91447490653839,133.6620480481516,24.145142670342935,2851.5571409726563,4383.857886,167.38939,3013.0713175,3239.5412986999995,3775.31728475,4377.1745703100005
artifacts_c04,batch,16,1120.6206937999998,1174.987126,721.057763,1131.4832325,1167.6978902,1174.85604115,1174.97936044,5.733543034185768,7.881968661290322,4.48803688976378,5.597396888283464,6.737884938582677,7.6559687244094485,7.849278079892903,1680.8649122309334,178.43007816062908,222.81456783048708,126.87185688915115,178.66470236000055,204.78583391257436,208.39845406065425,222.78645498008567,13.185322499458216,395.49155316,550.2205339999999,91.913324,361.25593499999997,526.3756553999999,549.63614935,549.9303372799999
artifacts_c04,batch,2,642.16463896,684.169097,637.40381,640.250417,646.4123838999999,650.1501685,680.82282968,4.460745807617966,4.692332422764228,4.341166346456692,4.471676401574803,4.512674670022497,4.556120976799999,4.598777350325204,394.1836999518471,224.21255847209835,230.35284073281616,213.11363089891773,223.6297874672839,227.0882535444797,227.13566569698423,227.5734229457032,3.0884878159668343,77.33055006999999,126.038592,67.727316,78.8488045,85.3871447,88.97754125,114.10889697000005
artifacts_c04,batch,3,674.1545459099999,712.610433,602.672017,672.897984,679.8594786,689.6254885,712.5405360299999,4.559801101863323,4.841948227642276,4.436857236220472,4.5105976199999995,4.724908914060743,4.79190780252258,4.8351390217925525,551.5791258296134,219.48634083675287,225.3847592472567,206.52843710535436,221.70013901937642,225.14130802300022,225.19226937443082,225.38472638036814,4.3356321791354615,98.66407742,148.059273,51.661065,106.77016549999999,113.6194002,118.12011365000001,147.88674174
artifacts_c04,batch,32,1700.20717909375,1744.596124,1634.4695669999999,1703.4993479999998,1735.4482425999997,1740.9099460999998,1743.39047824,8.537160244387497,18.11059608333333,6.104920267716535,8.685923858501269,10.651673840944882,10.900799424193547,11.920563387952756,2373.0966816347195,122.60635115913183,163.80230308462927,55.21629411857248,115.35839584171902,161.2761954076128,161.8170120704014,163.65195532353744,18.720348530090234,629.3031233125,949.089794,113.179496,637.349868,922.9183867,945.8214593499999,948.8762706599999
artifacts_c04,batch,4,708.56818844,748.9393759999999,394.905719,708.69016,720.5071604999999,721.9641101,748.8927410599999,4.664051492477077,6.721166411764705,4.433829094488188,4.4939785,4.961609741732283,5.067768907985193,5.736906438117652,702.8749871919296,215.28731391743787,225.53868872463457,148.78369894987327,222.51998065844884,223.49875313153447,223.77907992489216,225.50514038164428,5.576160152256482,127.23040157999999,175.64285999999998,77.229394,138.31626,145.95683169999998,155.6212952,175.61116812
artifacts_c04,batch,6,814.02235002,858.938397,736.60482,810.7443545,841.8438552999999,858.5810247000001,858.8735104199999,4.98306548679807,9.277687492307692,4.5225952913385825,4.804304811023623,5.621275511023621,5.658080885433071,5.750603559253804,912.4613837459967,202.29188984988207,221.1119800869963,107.78548003789943,208.1466602129954,210.40533088250487,210.91389795125468,221.08886561766496,7.186432887658476,188.96288549,247.653237,91.240425,203.37749599999998,221.4674514,231.50642209999998,247.55001366
artifacts_c04,batch,64,2686.285612316406,2726.3239799999997,2650.582986,2682.60891,2714.1479409999997,2718.7960347499998,2721.5696148499997,13.165920163563579,31.461387729166667,7.365776905511811,13.461573952755906,18.103368362204723,18.483568352362205,19.21992917480315,3009.084955192732,82.82032591859867,135.76300406976756,31.784993357840268,74.28551847832529,129.24709044746086,132.9064692684831,135.52915044870173,23.713275312585484,1035.3648542929686,1781.2247849999999,156.645369,992.6543005,1711.2758195,1740.8576982499999,1769.1975555999998
artifacts_c04,batch,8,863.89220321,897.964889,722.49628,871.9450375,879.1081029,889.74689875,897.8953157599999,4.918595082683711,6.297510441666666,4.487884031496063,4.687789658042744,5.906394190551181,5.986848946062992,6.069956467613389,1129.71940336312,204.8269374494739,222.82215694121757,158.79290860458585,213.32018143870727,216.06413043885547,217.16714430989126,222.49045850444404,8.889128990189,243.89795053999998,292.446829,97.858802,275.4937185,285.58829489999994,286.2088716,292.44676762
artifacts_c04,chat,1,1168.22589769,1205.1269949999999,856.9324929999999,1177.8693644999998,1183.3773757,1186.30190225,1194.3522072399999,4.4736645685210545,4.615046914285714,4.4250238515625,4.457264924370851,4.5326057747999995,4.549993223493975,4.59194411464893,212.21576321822621,223.54773025429782,225.98748245094646,216.682521017183,224.35283624438512,225.11492545571528,225.1317011284823,225.3902751210264,0.8424603541811283,45.81621732999999,73.05208999999999,41.894331,44.687354,47.604526600000014,53.04533825,61.21168406000006
artifacts_c04,chat,128,4837.9043721718745,5775.519241999999,2231.254078,5126.6366185,5284.937852399999,5348.92113675,5724.886986849997,8.786048280659523,13.040492890909091,6.665107349019607,8.737820692080323,9.60843803490196,9.742172671709104,9.99473211642014,6255.807812679944,114.47935119365565,150.03509285519507,76.68421802500495,114.44505362419024,119.44193636871599,128.83429866263344,147.8391354247975,24.782952778856025,2628.7419114628906,3494.736985,163.385925,2866.6413049999996,3007.0734839,3211.1497954499996,3464.240030169999
artifacts_c04,chat,16,1495.1303193499998,1537.6714519999998,1220.4538639999998,1506.76804,1536.5920154,1537.16232105,1537.51516961,4.790904564786356,5.5802675,4.354788281853281,4.733104409168411,5.186176376862745,5.34386899745098,5.495046302250997,2455.367465076696,209.1070177127692,229.6322887078282,179.20287871504365,211.2779728395185,213.39696192681112,213.49344890668377,223.4913422430478,9.669465857034206,283.40879427999994,338.79430199999996,74.400532,311.6419805,337.6713412,338.49974964999996,338.78478711
artifacts_c04,chat,2,1162.95780858,1206.245357,619.02319,1173.080578,1184.0673592,1188.4754265999998,1205.0917020799998,4.4201594664070445,8.325313390977442,4.319796082352941,4.364049627952756,4.4374645668,4.4543011041812415,4.598533545391275,422.62857901377197,227.2129536687711,231.49240865446407,120.11559842104559,229.14498997883183,230.28854078573076,230.40436239756485,230.99691667038908,1.690514316055088,66.88766740999999,98.09799699999999,60.675149999999995,64.695585,76.89892750000001,82.24956284999999,97.61411865999999
artifacts_c04,chat,3,1190.2652882099999,1247.3842889999999,507.836185,1196.231032,1203.8424369,1206.7545353499997,1247.32450686,4.426953111801418,4.56485393902439,4.339135623529412,4.416926511764705,4.491455573114769,4.5387682731,4.5626428644509724,615.793810378183,225.9171848558227,230.46064625806957,219.06505955231546,226.40177450339536,228.29535722053248,228.73274996713954,230.45497899309726,2.440817354545099,77.8510089,129.712469,43.692279,76.03337049999999,88.1697225,91.37166355,127.81629032000001
artifacts_c04,chat,32,2008.3661852421874,2032.7748829999998,1424.13283,2019.3801859999999,2028.8786062,2030.8269713,2031.0244705599998,6.3004351324146795,8.594938802325581,5.791109929411764,6.069866026761904,6.792840135577846,7.0449550515625,7.351143743282492,3992.956291805237,159.62477651191702,172.67846961792617,116.34754161709961,164.75060803973685,172.55340325227624,172.60426884157874,172.67015453627243,15.798046654026654,424.567945765625,553.951769,106.36482099999999,489.18584599999997,547.4915328,548.5459390499999,553.01484191
artifacts_c04,chat,4,1219.76370066,1264.717915,911.203536,1221.46861,1230.8575899999998,1239.6312205,1264.45171984,4.469555826474035,4.705966288702928,4.402129258823529,4.4629437202539055,4.544503282142857,4.576774244395121,4.651066191068847,822.642268745552,223.77444827858787,227.16279809267806,212.49620984336093,224.06735762841174,226.74846238408253,226.77991991728214,227.0692470121676,3.2484689178074233,92.45592613,139.30167,68.412227,95.14263199999999,99.95434590000005,113.44595234999998,138.92730050999998
artifacts_c04,chat,6,1284.79152734,1353.959334,616.185109,1300.4224615,1308.9067286,1348.3850075,1353.6859831199997,4.6393038528841695,4.934211434599156,4.42429125882353,4.604468470722409,4.775077928779769,4.800636902291549,4.852451199604956,1129.5273227873327,215.62458670862577,226.0249024079648,202.66662936004434,217.1803341471359,218.4535607423444,219.77863777183342,224.3059605526475,4.500288150075034,125.17816072,186.58247699999998,72.490102,129.154128,139.7642621,144.52794289999989,186.53602422
artifacts_c04,chat,64,2615.342497863281,2685.887911,1660.871575,2633.593195,2673.0212625,2680.291209,2685.2237223499997,8.11389227282607,53.03524845945946,6.585260895522388,7.755881760761037,9.118651982103586,9.39213437356702,9.86020790962301,6052.590999150973,127.18467258845425,151.85427211850399,18.85538446688729,128.93681109040222,148.353819557794,148.96428166533377,149.58847840746824,24.161663144328603,630.0340834023438,957.469924,107.438796,656.031405,914.3233674999999,945.60425225,955.4533779
artifacts_c04,chat,8,1308.86705478,1402.669339,721.780822,1317.652938,1330.2151345999998,1402.3283049,1402.6048216899999,4.612107875405361,4.9512040403225805,4.417685470588235,4.583952845238095,4.795552620784314,4.81965708883974,4.871056378664096,1458.1071828418326,216.92376853290668,226.36287862903137,201.9710744812787,218.15233146274903,220.79219985260713,220.8589675428847,226.3601111162445,5.802026114527208,154.50133806999997,244.339296,77.419794,161.02990649999998,169.5293792,243.85259594999997,244.05633024
artifacts_c04,rag,1,1276.5996058599999,1310.0302339999998,613.122293,1283.3563785,1286.5241514,1290.1918002,1296.83291525,4.450096528570997,4.726274736401673,4.370839160784313,4.428583847058823,4.494259827091633,4.516469747585657,4.665671623727653,195.65026573766994,224.74362729115776,228.78901813000084,211.5831295836486,225.80581855685017,226.22809267862382,226.40458253598658,227.40837980378492,0.773871789168855,156.08023519999998,181.126181,148.275598,155.030044,161.35520870000002,163.8671865,169.42933100000005
artifacts_c04,rag,16,3320.60039222,3435.3713979999998,1721.5139419999998,3394.1365345,3409.6999249,3426.2823547499997,3435.2896180599996,8.792966649249587,12.711384652173912,4.732234909803921,8.486004504055208,11.70396329254902,12.433577532745097,12.506820958757032,1144.1109247282657,120.43153843805331,211.31664405084123,78.66963571344519,117.84120477214577,159.87785616212236,160.92037990011923,210.5110165235554,4.514326565373523,1102.37968631,1850.8816259999999,200.178111,1084.0318035,1790.0075398,1804.0059430999997,1850.5427895899998
artifacts_c04,rag,2,1421.6371108800001,1438.383378,1193.860404,1423.162196,1432.1255124,1433.44152545,1437.9097709100001,4.781396219616389,5.813903981651376,4.508564388235294,4.886938087990196,5.001085631225296,5.055045830658557,5.174907578510395,354.8689407080799,209.6601896734089,221.8000928653504,172.00146461929714,204.668866555817,220.56093821782446,220.59726941117557,221.12472580333372,1.3969018292712954,212.32376499,281.57827499999996,148.936266,214.416871,269.6033149,275.60991010000004,280.80865197
artifacts_c04,rag,3,1541.5066423199999,1603.5911609999998,714.13657,1558.2454845,1563.6669834,1573.6528260999999,1600.03971519,5.079250930986845,5.609124204,4.430954976470588,5.076181266666667,5.51250809372549,5.581691866135459,5.604080264879999,474.4003175774501,197.86071582017092,225.6849833298318,178.2809514695496,196.9984823403218,215.34254617278916,215.4180227439017,216.19660985278568,1.885533853646463,267.74557011,419.40351999999996,151.373609,264.40842299999997,375.4334946,377.06186319999995,387.23061088000014
artifacts_c04,rag,32,5900.603066351562,7105.893475999999,4820.514996,5906.945374,5957.131913499999,6454.98619285,7046.582246500001,15.840184130081697,23.182331548780486,9.258938874509804,15.378109484120733,20.64389057137255,21.39598249533752,22.65134100941494,1374.3572290088148,66.41635096763322,108.003737097027,43.136299638187396,65.02774824493767,88.0349353875052,100.44751634557468,107.8197801262281,5.400059100381505,1885.928881578125,3578.964157,196.09748,1999.505438,3005.4576501999995,3403.3687382,3568.23613399
artifacts_c04,rag,4,1689.6717238499998,1729.2803629999999,1242.140465,1691.9176505,1703.3616769999999,1707.7488977,1725.61717787,5.255774077453975,6.175901875,4.724053588235294,5.0316103433971175,6.008769368235295,6.022902586023621,6.05203343353261,597.3536869310402,192.20979033319136,211.68261141033278,161.9196710439963,198.9268708519471,211.3580120053433,211.49924972746132,211.68114175246916,2.3490117456981525,358.57910021,519.317513,155.338326,425.833605,487.670212,493.48411749999997,511.14288698
artifacts_c04,rag,6,2078.2392436,2151.3000079999997,1335.986868,2105.3749119999998,2115.0392997,2131.49147605,2147.20787666,6.2102144023475585,7.7119836812749,4.752543247058823,5.940327007843137,7.588544283137254,7.636199900518968,7.685959289312748,709.8228118619168,163.50980903220184,210.41365601856725,129.668324172943,168.3409009822841,181.64300341644415,181.74838077476969,207.9875172532023,2.8112907911676372,516.8160408299999,746.723111,154.416684,591.3014965,702.820959,707.9293082,738.7982699
artifacts_c04,rag,8,2230.7365817600003,2281.5155799999998,1691.208609,2251.8412725,2265.0934786999997,2269.48040245,2281.2714034299997,6.276413531774021,8.32941791566265,4.72982588627451,6.038795625490196,8.079213265490194,8.138680456391537,8.295965080120482,880.726179093244,163.307027664577,211.4242731221675,120.05640851800679,165.5959420482306,191.88454049353723,192.18353810320528,208.97207161400127,3.4664705754053764,643.75724565,950.783475,171.76740999999998,695.4891809999999,924.827402,929.1470002499999,950.7065104199999
artifacts_c04,summarize,1,1180.79256925,1206.5188799999999,959.0370499999999,1182.1537125,1192.1925175,1196.8143342,1203.01339791,4.519641962745329,4.709224768421053,4.443452447236181,4.501846899497487,4.586004746666667,4.594188236410256,4.647708946299596,166.3553394830839,221.2755171827725,225.05023107021162,212.34917617561246,222.13105628591995,222.64157670697347,222.86265199474678,224.99543449971543,0.8392459866970229,289.46842018,310.503339,283.75786999999997,286.9363545,296.8837888,298.04663094999995,304.8767928
artifacts_c04,summarize,16,4953.37610524,6682.952222999999,1960.248052,5053.5038475,5560.443783700001,5954.8238869,6454.22523462,15.878495079447182,23.923484633165828,5.164895071428572,15.960796090452261,22.66628330196219,23.624015709798993,23.88592751557789,615.483705366586,70.55713544471833,193.61477555117247,41.79993070966219,62.65351694457031,109.18559191843758,120.96402784155498,166.58553323241495,3.0894674498874917,1804.86161211,3567.7498189999997,288.18591599999996,1864.96281,3225.6705078,3293.7496713999994,3492.43924487
artifacts_c04,summarize,2,1435.52556149,1459.638197,1282.6199319999998,1436.2319605,1444.165264,1446.8722558499999,1455.4560439699999,5.239752447463295,5.882418558974359,4.647820326633165,5.276981008571504,5.802778020004144,5.849384374744897,5.876458479743589,275.33898917294476,192.91621292210195,215.15461651341195,169.99810366679466,190.75954084167893,213.94144819440896,214.07221438191172,214.53289860263055,1.3845870922907813,398.59630211,526.746441,276.516771,403.3246875,509.6792827,513.3020329999999,525.72374823
artifacts_c04,summarize,3,1681.94544468,1725.460738,1194.317038,1691.1121444999999,1701.1719754,1714.8482545999998,1722.69915973,5.988984055255039,8.972398971153845,4.5179314522613065,5.975246638190955,7.044842261809045,7.086159634010151,7.17944073011971,346.51515623025205,170.93200567579868,221.34023292882893,111.45291278452818,167.3571085106039,204.23257190100972,204.34408286613046,204.83729149493226,1.746548166483125,502.37588666,749.439477,271.769528,503.96749,721.8211797999999,724.37959095,737.11490562
artifacts_c04,summarize,32,9411.465598234374,14877.547234,5033.925773999999,9089.181934999999,12067.244945999999,13591.681997399997,14571.47713643,35.72739881787691,46.50106891666666,12.485515703517587,36.637559411575644,42.288667840201,44.40910216998384,45.67937798180904,670.755547073873,29.74926298872547,80.09280703705866,21.50488200157449,27.29440562711282,38.7823860346622,51.82153981104225,74.07527987745819,3.383115691758836,2355.2505495390624,7080.4207639999995,311.660713,2151.811603,4367.818557999999,5895.253876149997,6861.224920930001
artifacts_c04,summarize,4,1935.4602034,1973.234647,1385.899172,1942.575226,1949.7811537999999,1953.90028615,1968.9371164,6.723370298028103,12.728810705882353,5.066828502512563,6.691442961244044,8.276514691457287,8.334907704822333,8.494532238289615,406.3327680302886,154.309555112436,197.3621170529287,78.56193505477074,150.04673562664902,196.8045831987522,196.94840632879632,197.1084550321315,2.052704056732956,618.0587084199999,960.347352,276.07088899999997,623.9694225,930.413283,935.576029,944.5980498600001
artifacts_c04,summarize,6,2588.61871016,2685.186988,1946.3118439999998,2619.4154845,2630.6592095,2657.6539718,2681.76777649,8.814826240064889,11.90484898453608,5.07560008040201,8.372505328746296,11.627182835678392,11.657805120454546,11.866047340922284,451.56999129055305,118.89134638384265,197.02103872628112,83.99938556960778,119.44154961262797,157.0587813169984,157.46575130054313,165.36314521510013,2.2735373642662022,845.26013095,1418.1338369999999,275.69784799999996,778.5033444999999,1349.5814225,1355.9922058,1371.7549555500002
artifacts_c04,summarize,8,2921.3357778299996,3021.3289569999997,1943.5840019999998,2959.597698,2976.7378968000003,3000.5066863499997,3019.62668269,9.425989609647125,14.402371869565217,5.116342045685279,8.970685778937332,13.359571724623114,13.467233818527918,13.693049159365758,529.2060461421936,114.72696487791849,195.45213964795832,69.43300791400745,111.47430243593651,167.08488170944852,167.6065069875728,169.15963957968995,2.6599952055400533,1056.87486583,1841.8217399999999,283.019926,980.8170825,1756.9897041,1774.5802624,1785.0265745400002
artifacts_c04,think,1,1491.6151590599998,4395.114591,57.837810999999995,1389.0423185,2708.8821325000017,3386.815948849999,3643.1243500200035,4.2853516109861225,4.336307437735849,3.8209122499999997,4.290934077943826,4.303457414291667,4.308132619499995,4.323733929603945,224.45820776191334,233.3864143927719,261.71760421873074,230.61095514070328,233.0494903529654,233.95696010534712,234.0882239237767,235.7262994741242,0.6641757886134438,43.76181975,67.10264699999999,39.261843,42.7076765,46.23344920000002,54.02829394999999,61.29771270000003
artifacts_c04,think,128,6195.730775304687,18296.306260999998,496.861063,5764.572923,9540.119566400002,10530.699463149997,12740.699036289994,10.606299282669202,200.7882625,6.072328282493369,10.048166042826551,10.715324169753668,11.307325986666664,19.90549851238096,5373.063092590302,101.4385522401437,164.68147858260858,4.980370802302251,99.52064841861429,113.08315452242678,128.86916949023382,159.41758631504172,16.50809682444364,3026.3815401074216,4939.411494,211.29129,3321.113336,3803.5969337,3883.7636749999997,4580.6573204999995
artifacts_c04,think,16,1674.2570695599998,5442.750639,113.899889,1363.4506434999998,3228.842241600001,4031.286487649998,5236.221628620001,5.650073990398205,6.7640062121212114,4.483139621193666,5.66683294209354,5.9637557242277985,6.181293212546944,6.708875885492424,2133.236683718686,177.6754419498175,223.05796484066298,147.84137811819025,176.4654102597495,192.33163805770334,197.37973118808216,204.73853220755683,7.589698949438524,97.53758002,319.939312,41.713442,66.753002,317.9952702,319.45257215,319.80240489999994
artifacts_c04,think,2,1360.56941057,4244.879053,55.009386,997.7068724999999,2796.2152164999998,3109.4953380999987,3849.475048840002,4.373541548660871,4.56987973015873,3.115325,4.397223765050888,4.476896542605043,4.489339033404761,4.56850418015873,433.3075907794263,229.1137317470003,320.9937967948769,218.8241395939901,227.41622795274725,230.6390915169023,231.78570028885272,287.23148803133734,1.4459974330221794,45.24231705,95.667203,38.594716,42.953981,48.30014100000002,58.599286199999995,93.88700579
artifacts_c04,think,3,1531.64485116,4855.935655,42.498615,1471.7408475,2784.5827862000015,3335.4451927499995,3874.646364040005,4.440589660606077,4.671653954954954,3.4664265,4.45900934939759,4.534800229531299,4.558538504437304,4.614523638069687,640.7334155371896,225.43947390693916,288.4815241286668,214.0569506308055,224.26506016075058,228.71911297225876,229.12751329146278,262.73119113074563,1.9241243709825513,46.99218928,126.257953,37.459717999999995,43.628291999999995,52.09287340000001,58.570333649999995,124.44528577
artifacts_c04,think,32,2447.6467148203124,7206.337288,259.658872,1928.0355925,4767.5186721,5101.483974849999,6208.1030051900025,7.7662159486281075,45.659541,3.059182666666666,7.228518512583475,8.065337571003784,9.088958697674418,25.156361519047618,3443.390470880947,138.75705209235792,326.8846973069495,21.901227609800106,138.34094056588157,158.22931792454807,170.317339107525,193.70356890843135,10.656527569457475,190.15604752343748,630.2543959999999,46.448006,83.2973165,626.0330795,628.7619047999999,629.73893876
artifacts_c04,think,4,1284.36053122,3750.997242,51.10852,1086.4158754999999,2798.3276941999998,3102.590563699999,3613.6802948700006,4.550378129082417,4.867115711111111,3.9303394999999997,4.557330558168933,4.684349547478945,4.698439722505107,4.783356406522876,810.8398862613988,219.95379545767565,254.43094674136927,205.46049433694486,219.42670389628353,226.6323626516522,229.0718446927183,248.72059904367134,2.997005678290145,51.76248851,140.161095,41.065982,45.1376985,64.2584676,67.76810029999997,139.99010121
artifacts_c04,think,6,1386.8180059899998,4467.998901,50.099841,1151.300236,2654.6674785000005,3701.6703152499995,4238.096783610001,4.749339837120567,5.245808019999999,2.701603,4.763417299170914,4.968422489035561,5.055617932157257,5.1698761017492965,1119.6452559643103,211.4881185123408,370.15061058193965,190.62840199020474,209.93338417741427,218.90451423277267,223.7940869898066,229.28529816100962,3.983226923634104,53.36140836999999,152.18373499999998,38.257793,45.859462,62.72681020000001,116.87542859999999,152.13063931999997
artifacts_c04,think,64,2963.123639085937,8079.85867,64.44899699999999,2458.9029915,5859.3006749999995,6574.20492725,7780.562149699998,11.182199258263209,201.355459,5.114681115264798,9.819982908931697,10.91902017722765,12.527494265511981,20.59874210408151,4805.657390832215,106.11268429459872,195.5156103506617,4.9663416376508565,101.8331711240003,133.65983582572386,146.83577444372168,176.37286437719885,16.552058392124522,251.95128989453124,1000.847808,51.662776,127.37746999999999,791.194265,992.3370685,997.6696309499998
artifacts_c04,think,8,1446.9687262099999,3795.0191179999997,70.67697,1178.9819995,3079.724500800001,3435.778745949999,3763.89436346,5.000767731121701,5.962769537037037,4.463297666666667,4.991292107897793,5.224642277769765,5.262401545930624,5.887643845370371,1438.805982314288,200.3703602836326,224.0495872521162,167.70730342479587,200.3489281468394,211.45909022377563,214.79716242820587,219.66530382936324,5.183392111514835,62.93178165,214.876215,39.559954999999995,47.3794185,72.4113515,213.64439165,214.52658858
artifacts_c04_70BOLD,agent,1,4435.70452026,4510.152708,2290.346415,4494.6387385,4497.370408399999,4503.2981801999995,4509.41695584,4.603545397953754,8.15464025735294,4.327978043143298,4.374934625615763,4.904343874470409,6.249950632402202,7.873687913124153,214.12112731455554,220.65855105785985,231.05477662583658,122.6295665340126,228.57484701533247,229.72099042943552,229.89707986765535,230.74127842722592,0.2213824724095901,54.682179899999994,73.553135,51.541968,53.279146,57.751699,64.3526924,66.94239020000003
artifacts_c04_70BOLD,agent,128,19569.73375967383,22362.442807,7592.391299999999,21013.143222,21209.8289034,21701.251461599997,22122.54869208,10.698171068935181,80.09667502419356,8.307740758354756,9.977120781342547,10.424878245816117,15.548006595842246,24.125820341044328,5837.288933300842,97.45723063224277,120.36966837155344,12.484912759461558,100.2293168758489,102.42561249453306,108.19216829729757,114.43284396117369,6.07786310047715,9711.451571003905,12203.199541,120.28330899999999,10883.191181,11095.5402839,11657.09493695,12071.320518120001
artifacts_c04_70BOLD,agent,16,5467.966686039999,5655.210368,2016.9649089999998,5596.316521,5640.1512846000005,5641.127619399999,5645.421591529999,5.714412718419993,24.89320066183575,4.506985005888126,5.20477356096952,5.58415489520209,9.14780221474128,11.738959055267074,2468.872627469994,185.5315370986343,221.8778182517926,40.17161206325386,192.13133424418214,198.5139301849476,198.96903711038942,221.66292692021506,2.5944709669815715,349.8517276,517.9137949999999,55.346816,353.6159135,502.0826505,506.32947075,517.42873163
artifacts_c04_70BOLD,agent,2,4482.371349020001,4607.642851,1399.578023,4582.7393525,4588.4749672,4596.4767352,4603.4142224199995,4.794888722537967,13.828177398773004,4.400348654936462,4.440119277832512,4.57278443292955,7.393191745477358,10.330854478129623,413.69388988809624,216.33657342901512,227.25471966367158,72.31611015409243,225.21917561798153,226.6031057311701,226.7587850038118,226.98604579672866,0.434251348737321,80.04353189,110.075696,63.242363,79.14470399999999,88.1776146,94.61696574999999,105.84698426000001
artifacts_c04_70BOLD,agent,3,4573.90130067,4689.18368,1680.360535,4653.4211765,4663.6656907999995,4666.10128275,4686.6734449099995,4.86797152642995,12.561500771978022,4.416771938369782,4.487284484449607,4.846010702406816,7.751659468795245,10.312962766368441,602.4421955005571,213.5981482295482,226.40969784124675,79.60832213860803,222.85192833677922,224.5526762834025,224.8015956472025,226.37858207446726,0.6295045981761498,100.01769533,149.187949,52.864729,105.77650299999999,118.5150565,120.44246065,146.52143845
artifacts_c04_70BOLD,agent,32,7518.188880421874,7776.63861,2026.893963,7694.943228,7761.3035647,7764.84826275,7771.261181229999,7.758449342244087,20.100919748571428,6.665371551960784,7.06088341507806,9.317684264570564,11.555593684024247,19.560127090182963,3881.9394597140636,135.25119093728927,150.0291457429444,49.74896733623693,141.62535991122652,148.90084032308314,149.19434140687375,149.85890294046106,4.134396016469748,588.9585513671875,919.2601999999999,77.355975,567.7969565,896.7220153,907.5069879499999,918.12492544
artifacts_c04_70BOLD,agent,4,4643.26182788,4774.174593,1966.882833,4731.8204405,4748.6676422,4754.97451455,4773.83102934,4.964898732597281,14.218507703363914,4.467843808849557,4.531887640177689,5.046343856775571,7.380778392257226,11.389046502557214,800.6211512409535,210.74760991419808,223.82161122536954,70.33086881286515,220.65860398470767,222.21901706369147,222.42504955405434,223.6053190872204,0.8407854733005193,129.78463793999998,180.595496,81.523513,140.864371,153.2470444,155.50332415,180.31814156
artifacts_c04_70BOLD,agent,6,5033.36151951,5215.240288,1620.557309,5167.9756495,5177.022277,5185.9309185,5214.88715005,5.413031633101655,17.77621616487455,4.507515655544651,4.887598284729063,5.332849538276067,9.318956201894322,12.386397633812953,1073.455271682463,194.69401906828665,221.8516975686839,56.25494147488934,204.59947413554437,206.1258594656302,208.78445455282048,219.91289867963366,1.1387754303683941,188.19473686999999,255.382401,89.288844,207.3683635,219.7834475,222.15537239999992,255.00003725999997
artifacts_c04_70BOLD,agent,64,10360.15339275,10619.466595,4713.103963,10514.774035499999,10571.7751025,10585.6060045,10604.87863815,10.209609766763974,32.20666772377622,7.917767034031413,9.457397381286121,10.259736658145012,17.1409635254509,24.57845606996217,5797.950865238749,102.49257779507265,126.2982348055825,31.049471139846013,105.73733804701854,114.13954211600874,115.15738075922651,116.37976353141472,6.05463424598759,991.9545755546875,1746.9723319999998,118.00784399999999,1035.3502724999998,1638.631745,1673.44208325,1724.1634697499996
artifacts_c04_70BOLD,agent,8,5027.28970483,5106.025554,3398.238908,5068.236522,5081.4681043,5102.222750149999,5105.86720152,4.996094549797084,11.011518095923261,4.511951668302257,4.7505171397423185,4.920768768006033,6.920722759130119,8.54573434958914,1484.2951458568523,204.08825544695878,221.63357977109644,90.81399960376261,210.50341552383597,212.86899791106612,213.0863164381486,220.13756096947532,1.5176066109675908,239.78259755,314.39725699999997,90.610137,268.2537645,285.5883985,310.66014184999995,314.19061132999997
artifacts_c04_70BOLD,batch,1,599.5141093,628.254144,294.062541,603.72041,606.8115481,610.9213492,616.17685086,4.347220577600036,4.546324104651162,4.264173913385827,4.331159031496063,4.412987928,4.4283887036290315,4.517063488013726,207.32279729279713,230.0541309433906,234.51201107460994,219.95792138465006,230.88508114089495,231.60195596778289,231.8304251535949,233.62437633652456,1.6402120038987116,54.5426742,78.538902,50.952189999999995,54.213144,58.26097460000001,62.03521739999999,67.25970231000007
artifacts_c04_70BOLD,batch,128,5027.6186132128905,6757.857297,2661.2810649999997,5253.3228285,5471.774497699999,5951.9681163,6566.110748079999,17.2391006276389,25.635163735632183,7.424526204724409,17.57051733464567,18.866508834645668,19.04014236023622,20.32372234433575,3074.1199516633687,59.54598674717028,134.68872927725343,39.00891799688515,56.91352062669016,58.51594243509342,84.91447490653839,133.6620480481516,24.145142670342935,2851.5571409726563,4383.857886,167.38939,3013.0713175,3239.5412986999995,3775.31728475,4377.1745703100005
artifacts_c04_70BOLD,batch,16,1120.6206937999998,1174.987126,721.057763,1131.4832325,1167.6978902,1174.85604115,1174.97936044,5.733543034185768,7.881968661290322,4.48803688976378,5.597396888283464,6.737884938582677,7.6559687244094485,7.849278079892903,1680.8649122309334,178.43007816062908,222.81456783048708,126.87185688915115,178.66470236000055,204.78583391257436,208.39845406065425,222.78645498008567,13.185322499458216,395.49155316,550.2205339999999,91.913324,361.25593499999997,526.3756553999999,549.63614935,549.9303372799999
artifacts_c04_70BOLD,batch,2,642.16463896,684.169097,637.40381,640.250417,646.4123838999999,650.1501685,680.82282968,4.460745807617966,4.692332422764228,4.341166346456692,4.471676401574803,4.512674670022497,4.556120976799999,4.598777350325204,394.1836999518471,224.21255847209835,230.35284073281616,213.11363089891773,223.6297874672839,227.0882535444797,227.13566569698423,227.5734229457032,3.0884878159668343,77.33055006999999,126.038592,67.727316,78.8488045,85.3871447,88.97754125,114.10889697000005
artifacts_c04_70BOLD,batch,3,674.1545459099999,712.610433,602.672017,672.897984,679.8594786,689.6254885,712.5405360299999,4.559801101863323,4.841948227642276,4.436857236220472,4.5105976199999995,4.724908914060743,4.79190780252258,4.8351390217925525,551.5791258296134,219.48634083675287,225.3847592472567,206.52843710535436,221.70013901937642,225.14130802300022,225.19226937443082,225.38472638036814,4.3356321791354615,98.66407742,148.059273,51.661065,106.77016549999999,113.6194002,118.12011365000001,147.88674174
artifacts_c04_70BOLD,batch,32,1700.20717909375,1744.596124,1634.4695669999999,1703.4993479999998,1735.4482425999997,1740.9099460999998,1743.39047824,8.537160244387497,18.11059608333333,6.104920267716535,8.685923858501269,10.651673840944882,10.900799424193547,11.920563387952756,2373.0966816347195,122.60635115913183,163.80230308462927,55.21629411857248,115.35839584171902,161.2761954076128,161.8170120704014,163.65195532353744,18.720348530090234,629.3031233125,949.089794,113.179496,637.349868,922.9183867,945.8214593499999,948.8762706599999
artifacts_c04_70BOLD,batch,4,708.56818844,748.9393759999999,394.905719,708.69016,720.5071604999999,721.9641101,748.8927410599999,4.664051492477077,6.721166411764705,4.433829094488188,4.4939785,4.961609741732283,5.067768907985193,5.736906438117652,702.8749871919296,215.28731391743787,225.53868872463457,148.78369894987327,222.51998065844884,223.49875313153447,223.77907992489216,225.50514038164428,5.576160152256482,127.23040157999999,175.64285999999998,77.229394,138.31626,145.95683169999998,155.6212952,175.61116812
artifacts_c04_70BOLD,batch,6,814.02235002,858.938397,736.60482,810.7443545,841.8438552999999,858.5810247000001,858.8735104199999,4.98306548679807,9.277687492307692,4.5225952913385825,4.804304811023623,5.621275511023621,5.658080885433071,5.750603559253804,912.4613837459967,202.29188984988207,221.1119800869963,107.78548003789943,208.1466602129954,210.40533088250487,210.91389795125468,221.08886561766496,7.186432887658476,188.96288549,247.653237,91.240425,203.37749599999998,221.4674514,231.50642209999998,247.55001366
artifacts_c04_70BOLD,batch,64,2686.285612316406,2726.3239799999997,2650.582986,2682.60891,2714.1479409999997,2718.7960347499998,2721.5696148499997,13.165920163563579,31.461387729166667,7.365776905511811,13.461573952755906,18.103368362204723,18.483568352362205,19.21992917480315,3009.084955192732,82.82032591859867,135.76300406976756,31.784993357840268,74.28551847832529,129.24709044746086,132.9064692684831,135.52915044870173,23.713275312585484,1035.3648542929686,1781.2247849999999,156.645369,992.6543005,1711.2758195,1740.8576982499999,1769.1975555999998
artifacts_c04_70BOLD,batch,8,863.89220321,897.964889,722.49628,871.9450375,879.1081029,889.74689875,897.8953157599999,4.918595082683711,6.297510441666666,4.487884031496063,4.687789658042744,5.906394190551181,5.986848946062992,6.069956467613389,1129.71940336312,204.8269374494739,222.82215694121757,158.79290860458585,213.32018143870727,216.06413043885547,217.16714430989126,222.49045850444404,8.889128990189,243.89795053999998,292.446829,97.858802,275.4937185,285.58829489999994,286.2088716,292.44676762
artifacts_c04_70BOLD,chat,1,1168.22589769,1205.1269949999999,856.9324929999999,1177.8693644999998,1183.3773757,1186.30190225,1194.3522072399999,4.4736645685210545,4.615046914285714,4.4250238515625,4.457264924370851,4.5326057747999995,4.549993223493975,4.59194411464893,212.21576321822621,223.54773025429782,225.98748245094646,216.682521017183,224.35283624438512,225.11492545571528,225.1317011284823,225.3902751210264,0.8424603541811283,45.81621732999999,73.05208999999999,41.894331,44.687354,47.604526600000014,53.04533825,61.21168406000006
artifacts_c04_70BOLD,chat,128,4837.9043721718745,5775.519241999999,2231.254078,5126.6366185,5284.937852399999,5348.92113675,5724.886986849997,8.786048280659523,13.040492890909091,6.665107349019607,8.737820692080323,9.60843803490196,9.742172671709104,9.99473211642014,6255.807812679944,114.47935119365565,150.03509285519507,76.68421802500495,114.44505362419024,119.44193636871599,128.83429866263344,147.8391354247975,24.782952778856025,2628.7419114628906,3494.736985,163.385925,2866.6413049999996,3007.0734839,3211.1497954499996,3464.240030169999
artifacts_c04_70BOLD,chat,16,1495.1303193499998,1537.6714519999998,1220.4538639999998,1506.76804,1536.5920154,1537.16232105,1537.51516961,4.790904564786356,5.5802675,4.354788281853281,4.733104409168411,5.186176376862745,5.34386899745098,5.495046302250997,2455.367465076696,209.1070177127692,229.6322887078282,179.20287871504365,211.2779728395185,213.39696192681112,213.49344890668377,223.4913422430478,9.669465857034206,283.40879427999994,338.79430199999996,74.400532,311.6419805,337.6713412,338.49974964999996,338.78478711
artifacts_c04_70BOLD,chat,2,1162.95780858,1206.245357,619.02319,1173.080578,1184.0673592,1188.4754265999998,1205.0917020799998,4.4201594664070445,8.325313390977442,4.319796082352941,4.364049627952756,4.4374645668,4.4543011041812415,4.598533545391275,422.62857901377197,227.2129536687711,231.49240865446407,120.11559842104559,229.14498997883183,230.28854078573076,230.40436239756485,230.99691667038908,1.690514316055088,66.88766740999999,98.09799699999999,60.675149999999995,64.695585,76.89892750000001,82.24956284999999,97.61411865999999
artifacts_c04_70BOLD,chat,3,1190.2652882099999,1247.3842889999999,507.836185,1196.231032,1203.8424369,1206.7545353499997,1247.32450686,4.426953111801418,4.56485393902439,4.339135623529412,4.416926511764705,4.491455573114769,4.5387682731,4.5626428644509724,615.793810378183,225.9171848558227,230.46064625806957,219.06505955231546,226.40177450339536,228.29535722053248,228.73274996713954,230.45497899309726,2.440817354545099,77.8510089,129.712469,43.692279,76.03337049999999,88.1697225,91.37166355,127.81629032000001
artifacts_c04_70BOLD,chat,32,2008.3661852421874,2032.7748829999998,1424.13283,2019.3801859999999,2028.8786062,2030.8269713,2031.0244705599998,6.3004351324146795,8.594938802325581,5.791109929411764,6.069866026761904,6.792840135577846,7.0449550515625,7.351143743282492,3992.956291805237,159.62477651191702,172.67846961792617,116.34754161709961,164.75060803973685,172.55340325227624,172.60426884157874,172.67015453627243,15.798046654026654,424.567945765625,553.951769,106.36482099999999,489.18584599999997,547.4915328,548.5459390499999,553.01484191
artifacts_c04_70BOLD,chat,4,1219.76370066,1264.717915,911.203536,1221.46861,1230.8575899999998,1239.6312205,1264.45171984,4.469555826474035,4.705966288702928,4.402129258823529,4.4629437202539055,4.544503282142857,4.576774244395121,4.651066191068847,822.642268745552,223.77444827858787,227.16279809267806,212.49620984336093,224.06735762841174,226.74846238408253,226.77991991728214,227.0692470121676,3.2484689178074233,92.45592613,139.30167,68.412227,95.14263199999999,99.95434590000005,113.44595234999998,138.92730050999998
artifacts_c04_70BOLD,chat,6,1284.79152734,1353.959334,616.185109,1300.4224615,1308.9067286,1348.3850075,1353.6859831199997,4.6393038528841695,4.934211434599156,4.42429125882353,4.604468470722409,4.775077928779769,4.800636902291549,4.852451199604956,1129.5273227873327,215.62458670862577,226.0249024079648,202.66662936004434,217.1803341471359,218.4535607423444,219.77863777183342,224.3059605526475,4.500288150075034,125.17816072,186.58247699999998,72.490102,129.154128,139.7642621,144.52794289999989,186.53602422
artifacts_c04_70BOLD,chat,64,2615.342497863281,2685.887911,1660.871575,2633.593195,2673.0212625,2680.291209,2685.2237223499997,8.11389227282607,53.03524845945946,6.585260895522388,7.755881760761037,9.118651982103586,9.39213437356702,9.86020790962301,6052.590999150973,127.18467258845425,151.85427211850399,18.85538446688729,128.93681109040222,148.353819557794,148.96428166533377,149.58847840746824,24.161663144328603,630.0340834023438,957.469924,107.438796,656.031405,914.3233674999999,945.60425225,955.4533779
artifacts_c04_70BOLD,chat,8,1308.86705478,1402.669339,721.780822,1317.652938,1330.2151345999998,1402.3283049,1402.6048216899999,4.612107875405361,4.9512040403225805,4.417685470588235,4.583952845238095,4.795552620784314,4.81965708883974,4.871056378664096,1458.1071828418326,216.92376853290668,226.36287862903137,201.9710744812787,218.15233146274903,220.79219985260713,220.8589675428847,226.3601111162445,5.802026114527208,154.50133806999997,244.339296,77.419794,161.02990649999998,169.5293792,243.85259594999997,244.05633024
artifacts_c04_70BOLD,rag,1,1276.5996058599999,1310.0302339999998,613.122293,1283.3563785,1286.5241514,1290.1918002,1296.83291525,4.450096528570997,4.726274736401673,4.370839160784313,4.428583847058823,4.494259827091633,4.516469747585657,4.665671623727653,195.65026573766994,224.74362729115776,228.78901813000084,211.5831295836486,225.80581855685017,226.22809267862382,226.40458253598658,227.40837980378492,0.773871789168855,156.08023519999998,181.126181,148.275598,155.030044,161.35520870000002,163.8671865,169.42933100000005
artifacts_c04_70BOLD,rag,16,3320.60039222,3435.3713979999998,1721.5139419999998,3394.1365345,3409.6999249,3426.2823547499997,3435.2896180599996,8.792966649249587,12.711384652173912,4.732234909803921,8.486004504055208,11.70396329254902,12.433577532745097,12.506820958757032,1144.1109247282657,120.43153843805331,211.31664405084123,78.66963571344519,117.84120477214577,159.87785616212236,160.92037990011923,210.5110165235554,4.514326565373523,1102.37968631,1850.8816259999999,200.178111,1084.0318035,1790.0075398,1804.0059430999997,1850.5427895899998
artifacts_c04_70BOLD,rag,2,1421.6371108800001,1438.383378,1193.860404,1423.162196,1432.1255124,1433.44152545,1437.9097709100001,4.781396219616389,5.813903981651376,4.508564388235294,4.886938087990196,5.001085631225296,5.055045830658557,5.174907578510395,354.8689407080799,209.6601896734089,221.8000928653504,172.00146461929714,204.668866555817,220.56093821782446,220.59726941117557,221.12472580333372,1.3969018292712954,212.32376499,281.57827499999996,148.936266,214.416871,269.6033149,275.60991010000004,280.80865197
artifacts_c04_70BOLD,rag,3,1541.5066423199999,1603.5911609999998,714.13657,1558.2454845,1563.6669834,1573.6528260999999,1600.03971519,5.079250930986845,5.609124204,4.430954976470588,5.076181266666667,5.51250809372549,5.581691866135459,5.604080264879999,474.4003175774501,197.86071582017092,225.6849833298318,178.2809514695496,196.9984823403218,215.34254617278916,215.4180227439017,216.19660985278568,1.885533853646463,267.74557011,419.40351999999996,151.373609,264.40842299999997,375.4334946,377.06186319999995,387.23061088000014
artifacts_c04_70BOLD,rag,32,5900.603066351562,7105.893475999999,4820.514996,5906.945374,5957.131913499999,6454.98619285,7046.582246500001,15.840184130081697,23.182331548780486,9.258938874509804,15.378109484120733,20.64389057137255,21.39598249533752,22.65134100941494,1374.3572290088148,66.41635096763322,108.003737097027,43.136299638187396,65.02774824493767,88.0349353875052,100.44751634557468,107.8197801262281,5.400059100381505,1885.928881578125,3578.964157,196.09748,1999.505438,3005.4576501999995,3403.3687382,3568.23613399
artifacts_c04_70BOLD,rag,4,1689.6717238499998,1729.2803629999999,1242.140465,1691.9176505,1703.3616769999999,1707.7488977,1725.61717787,5.255774077453975,6.175901875,4.724053588235294,5.0316103433971175,6.008769368235295,6.022902586023621,6.05203343353261,597.3536869310402,192.20979033319136,211.68261141033278,161.9196710439963,198.9268708519471,211.3580120053433,211.49924972746132,211.68114175246916,2.3490117456981525,358.57910021,519.317513,155.338326,425.833605,487.670212,493.48411749999997,511.14288698
artifacts_c04_70BOLD,rag,6,2078.2392436,2151.3000079999997,1335.986868,2105.3749119999998,2115.0392997,2131.49147605,2147.20787666,6.2102144023475585,7.7119836812749,4.752543247058823,5.940327007843137,7.588544283137254,7.636199900518968,7.685959289312748,709.8228118619168,163.50980903220184,210.41365601856725,129.668324172943,168.3409009822841,181.64300341644415,181.74838077476969,207.9875172532023,2.8112907911676372,516.8160408299999,746.723111,154.416684,591.3014965,702.820959,707.9293082,738.7982699
artifacts_c04_70BOLD,rag,8,2230.7365817600003,2281.5155799999998,1691.208609,2251.8412725,2265.0934786999997,2269.48040245,2281.2714034299997,6.276413531774021,8.32941791566265,4.72982588627451,6.038795625490196,8.079213265490194,8.138680456391537,8.295965080120482,880.726179093244,163.307027664577,211.4242731221675,120.05640851800679,165.5959420482306,191.88454049353723,192.18353810320528,208.97207161400127,3.4664705754053764,643.75724565,950.783475,171.76740999999998,695.4891809999999,924.827402,929.1470002499999,950.7065104199999
artifacts_c04_70BOLD,summarize,1,1180.79256925,1206.5188799999999,959.0370499999999,1182.1537125,1192.1925175,1196.8143342,1203.01339791,4.519641962745329,4.709224768421053,4.443452447236181,4.501846899497487,4.586004746666667,4.594188236410256,4.647708946299596,166.3553394830839,221.2755171827725,225.05023107021162,212.34917617561246,222.13105628591995,222.64157670697347,222.86265199474678,224.99543449971543,0.8392459866970229,289.46842018,310.503339,283.75786999999997,286.9363545,296.8837888,298.04663094999995,304.8767928
artifacts_c04_70BOLD,summarize,16,4953.37610524,6682.952222999999,1960.248052,5053.5038475,5560.443783700001,5954.8238869,6454.22523462,15.878495079447182,23.923484633165828,5.164895071428572,15.960796090452261,22.66628330196219,23.624015709798993,23.88592751557789,615.483705366586,70.55713544471833,193.61477555117247,41.79993070966219,62.65351694457031,109.18559191843758,120.96402784155498,166.58553323241495,3.0894674498874917,1804.86161211,3567.7498189999997,288.18591599999996,1864.96281,3225.6705078,3293.7496713999994,3492.43924487
artifacts_c04_70BOLD,summarize,2,1435.52556149,1459.638197,1282.6199319999998,1436.2319605,1444.165264,1446.8722558499999,1455.4560439699999,5.239752447463295,5.882418558974359,4.647820326633165,5.276981008571504,5.802778020004144,5.849384374744897,5.876458479743589,275.33898917294476,192.91621292210195,215.15461651341195,169.99810366679466,190.75954084167893,213.94144819440896,214.07221438191172,214.53289860263055,1.3845870922907813,398.59630211,526.746441,276.516771,403.3246875,509.6792827,513.3020329999999,525.72374823
artifacts_c04_70BOLD,summarize,3,1681.94544468,1725.460738,1194.317038,1691.1121444999999,1701.1719754,1714.8482545999998,1722.69915973,5.988984055255039,8.972398971153845,4.5179314522613065,5.975246638190955,7.044842261809045,7.086159634010151,7.17944073011971,346.51515623025205,170.93200567579868,221.34023292882893,111.45291278452818,167.3571085106039,204.23257190100972,204.34408286613046,204.83729149493226,1.746548166483125,502.37588666,749.439477,271.769528,503.96749,721.8211797999999,724.37959095,737.11490562
artifacts_c04_70BOLD,summarize,32,9411.465598234374,14877.547234,5033.925773999999,9089.181934999999,12067.244945999999,13591.681997399997,14571.47713643,35.72739881787691,46.50106891666666,12.485515703517587,36.637559411575644,42.288667840201,44.40910216998384,45.67937798180904,670.755547073873,29.74926298872547,80.09280703705866,21.50488200157449,27.29440562711282,38.7823860346622,51.82153981104225,74.07527987745819,3.383115691758836,2355.2505495390624,7080.4207639999995,311.660713,2151.811603,4367.818557999999,5895.253876149997,6861.224920930001
artifacts_c04_70BOLD,summarize,4,1935.4602034,1973.234647,1385.899172,1942.575226,1949.7811537999999,1953.90028615,1968.9371164,6.723370298028103,12.728810705882353,5.066828502512563,6.691442961244044,8.276514691457287,8.334907704822333,8.494532238289615,406.3327680302886,154.309555112436,197.3621170529287,78.56193505477074,150.04673562664902,196.8045831987522,196.94840632879632,197.1084550321315,2.052704056732956,618.0587084199999,960.347352,276.07088899999997,623.9694225,930.413283,935.576029,944.5980498600001
artifacts_c04_70BOLD,summarize,6,2588.61871016,2685.186988,1946.3118439999998,2619.4154845,2630.6592095,2657.6539718,2681.76777649,8.814826240064889,11.90484898453608,5.07560008040201,8.372505328746296,11.627182835678392,11.657805120454546,11.866047340922284,451.56999129055305,118.89134638384265,197.02103872628112,83.99938556960778,119.44154961262797,157.0587813169984,157.46575130054313,165.36314521510013,2.2735373642662022,845.26013095,1418.1338369999999,275.69784799999996,778.5033444999999,1349.5814225,1355.9922058,1371.7549555500002
artifacts_c04_70BOLD,summarize,8,2921.3357778299996,3021.3289569999997,1943.5840019999998,2959.597698,2976.7378968000003,3000.5066863499997,3019.62668269,9.425989609647125,14.402371869565217,5.116342045685279,8.970685778937332,13.359571724623114,13.467233818527918,13.693049159365758,529.2060461421936,114.72696487791849,195.45213964795832,69.43300791400745,111.47430243593651,167.08488170944852,167.6065069875728,169.15963957968995,2.6599952055400533,1056.87486583,1841.8217399999999,283.019926,980.8170825,1756.9897041,1774.5802624,1785.0265745400002
artifacts_c04_70BOLD,think,1,1491.6151590599998,4395.114591,57.837810999999995,1389.0423185,2708.8821325000017,3386.815948849999,3643.1243500200035,4.2853516109861225,4.336307437735849,3.8209122499999997,4.290934077943826,4.303457414291667,4.308132619499995,4.323733929603945,224.45820776191334,233.3864143927719,261.71760421873074,230.61095514070328,233.0494903529654,233.95696010534712,234.0882239237767,235.7262994741242,0.6641757886134438,43.76181975,67.10264699999999,39.261843,42.7076765,46.23344920000002,54.02829394999999,61.29771270000003
artifacts_c04_70BOLD,think,128,6195.730775304687,18296.306260999998,496.861063,5764.572923,9540.119566400002,10530.699463149997,12740.699036289994,10.606299282669202,200.7882625,6.072328282493369,10.048166042826551,10.715324169753668,11.307325986666664,19.90549851238096,5373.063092590302,101.4385522401437,164.68147858260858,4.980370802302251,99.52064841861429,113.08315452242678,128.86916949023382,159.41758631504172,16.50809682444364,3026.3815401074216,4939.411494,211.29129,3321.113336,3803.5969337,3883.7636749999997,4580.6573204999995
artifacts_c04_70BOLD,think,16,1674.2570695599998,5442.750639,113.899889,1363.4506434999998,3228.842241600001,4031.286487649998,5236.221628620001,5.650073990398205,6.7640062121212114,4.483139621193666,5.66683294209354,5.9637557242277985,6.181293212546944,6.708875885492424,2133.236683718686,177.6754419498175,223.05796484066298,147.84137811819025,176.4654102597495,192.33163805770334,197.37973118808216,204.73853220755683,7.589698949438524,97.53758002,319.939312,41.713442,66.753002,317.9952702,319.45257215,319.80240489999994
artifacts_c04_70BOLD,think,2,1360.56941057,4244.879053,55.009386,997.7068724999999,2796.2152164999998,3109.4953380999987,3849.475048840002,4.373541548660871,4.56987973015873,3.115325,4.397223765050888,4.476896542605043,4.489339033404761,4.56850418015873,433.3075907794263,229.1137317470003,320.9937967948769,218.8241395939901,227.41622795274725,230.6390915169023,231.78570028885272,287.23148803133734,1.4459974330221794,45.24231705,95.667203,38.594716,42.953981,48.30014100000002,58.599286199999995,93.88700579
artifacts_c04_70BOLD,think,3,1531.64485116,4855.935655,42.498615,1471.7408475,2784.5827862000015,3335.4451927499995,3874.646364040005,4.440589660606077,4.671653954954954,3.4664265,4.45900934939759,4.534800229531299,4.558538504437304,4.614523638069687,640.7334155371896,225.43947390693916,288.4815241286668,214.0569506308055,224.26506016075058,228.71911297225876,229.12751329146278,262.73119113074563,1.9241243709825513,46.99218928,126.257953,37.459717999999995,43.628291999999995,52.09287340000001,58.570333649999995,124.44528577
artifacts_c04_70BOLD,think,32,2447.6467148203124,7206.337288,259.658872,1928.0355925,4767.5186721,5101.483974849999,6208.1030051900025,7.7662159486281075,45.659541,3.059182666666666,7.228518512583475,8.065337571003784,9.088958697674418,25.156361519047618,3443.390470880947,138.75705209235792,326.8846973069495,21.901227609800106,138.34094056588157,158.22931792454807,170.317339107525,193.70356890843135,10.656527569457475,190.15604752343748,630.2543959999999,46.448006,83.2973165,626.0330795,628.7619047999999,629.73893876
artifacts_c04_70BOLD,think,4,1284.36053122,3750.997242,51.10852,1086.4158754999999,2798.3276941999998,3102.590563699999,3613.6802948700006,4.550378129082417,4.867115711111111,3.9303394999999997,4.557330558168933,4.684349547478945,4.698439722505107,4.783356406522876,810.8398862613988,219.95379545767565,254.43094674136927,205.46049433694486,219.42670389628353,226.6323626516522,229.0718446927183,248.72059904367134,2.997005678290145,51.76248851,140.161095,41.065982,45.1376985,64.2584676,67.76810029999997,139.99010121
artifacts_c04_70BOLD,think,6,1386.8180059899998,4467.998901,50.099841,1151.300236,2654.6674785000005,3701.6703152499995,4238.096783610001,4.749339837120567,5.245808019999999,2.701603,4.763417299170914,4.968422489035561,5.055617932157257,5.1698761017492965,1119.6452559643103,211.4881185123408,370.15061058193965,190.62840199020474,209.93338417741427,218.90451423277267,223.7940869898066,229.28529816100962,3.983226923634104,53.36140836999999,152.18373499999998,38.257793,45.859462,62.72681020000001,116.87542859999999,152.13063931999997
artifacts_c04_70BOLD,think,64,2963.123639085937,8079.85867,64.44899699999999,2458.9029915,5859.3006749999995,6574.20492725,7780.562149699998,11.182199258263209,201.355459,5.114681115264798,9.819982908931697,10.91902017722765,12.527494265511981,20.59874210408151,4805.657390832215,106.11268429459872,195.5156103506617,4.9663416376508565,101.8331711240003,133.65983582572386,146.83577444372168,176.37286437719885,16.552058392124522,251.95128989453124,1000.847808,51.662776,127.37746999999999,791.194265,992.3370685,997.6696309499998
artifacts_c04_70BOLD,think,8,1446.9687262099999,3795.0191179999997,70.67697,1178.9819995,3079.724500800001,3435.778745949999,3763.89436346,5.000767731121701,5.962769537037037,4.463297666666667,4.991292107897793,5.224642277769765,5.262401545930624,5.887643845370371,1438.805982314288,200.3703602836326,224.0495872521162,167.70730342479587,200.3489281468394,211.45909022377563,214.79716242820587,219.66530382936324,5.183392111514835,62.93178165,214.876215,39.559954999999995,47.3794185,72.4113515,213.64439165,214.52658858
artifacts_c04_OLD,agent,1,4355.114391489999,4432.377112,2883.3357809999998,4387.586162,4395.4779008,4398.655394949999,4404.930741069999,4.367793329156141,10.373365683574878,4.2021556387726635,4.2484214412602865,4.333395756706766,4.666697244057751,7.310744367832386,224.67102602667043,231.60572516691775,237.9730990383005,96.40072764265831,235.38154450112782,236.73755776516327,236.97614737111837,237.735708564555,0.22666797084985765,79.36614913999999,122.950189,74.418707,78.37069199999999,81.1621102,85.90968109999999,88.59462391000017
artifacts_c04_OLD,agent,16,6542.29650634,6683.316586,4396.29536,6644.6235085,6670.929765999999,6675.8483925499995,6683.121762909999,6.449528472345633,18.662776361370714,4.464578731108929,5.875665794404803,6.762561743757911,12.481643903462405,17.43991896028993,2141.2263228638326,164.9100383446884,223.98529855281907,53.5825956779859,170.1935107434205,179.7094211922204,180.44694878323185,222.90919615492118,2.2313738254104134,704.54568373,1012.6068919999999,108.44650299999999,653.9980644999999,1006.9209012999999,1009.60751625,1010.2394406499999
artifacts_c04_OLD,agent,4,4753.35793404,4824.0955539999995,977.7053259999999,4789.311058,4796.6999295,4807.614153899999,4824.0952768,4.550948040466942,7.3430837809076674,4.413369166666667,4.483021116586514,4.633684461828933,4.688778338011664,4.956768936808001,831.0031953032492,220.3411635204788,226.58426300541743,136.18256713889642,223.06386140454202,224.88608128893125,225.08549773374463,225.6951942012491,0.8309948853543956,216.90185097999998,290.785443,84.31110799999999,254.577431,260.1685305,263.7023648,290.60890323
artifacts_c04_OLD,batch,1,615.02427956,625.987979,608.572413,614.506249,618.5503977999999,619.94400875,624.37348106,4.26616908405327,5.0489767428571435,4.143146330708661,4.224158645669291,4.358134431707317,4.399684401229508,4.701534812691731,203.96608055528378,234.55416215757552,241.3624622881605,198.05993390932403,236.7335336154802,237.99798771088814,239.12241616806233,240.61674306488928,1.6114883507567652,79.65931010999999,89.326188,76.63165099999999,78.1675565,84.23720530000001,87.26310079999999,89.24324283
artifacts_c04_OLD,batch,128,9499.031306226561,13099.178535,4946.517914999999,9950.876626,10407.6051561,11280.26346795,12645.68554468,31.978377950117178,66.19046490697674,9.926159283464568,32.411699395161286,35.565978339370076,36.3673469766129,43.22201752793578,1611.6748901795538,32.83221610838744,100.74390017756856,15.107916244513277,30.85305771554908,33.20623630650169,49.54077245623914,99.46763023623595,12.80695219412608,5520.429440597656,8696.743574,115.93995799999999,5826.937065,6320.3950773,7273.147871699999,8632.54333979
artifacts_c04_OLD,batch,16,1608.99530514,1689.9441239999999,823.1125149999999,1638.025168,1682.4207096999999,1689.3053303,1689.8136786300001,6.923404096443602,11.751518128,4.343391440944882,5.716591062829605,8.538733930645162,11.60219101062992,11.716084871994287,1174.2580645445694,155.53594087791367,230.2348322955794,85.09538845175493,174.9834239325067,194.60796949482656,195.25263165876572,230.21833721690493,9.315811698092578,741.77703673,1034.319984,97.325524,618.525937,993.0416988999999,1032.7171279,1034.07840123
artifacts_c04_OLD,batch,4,813.95094273,866.495059,664.538428,811.8835815,824.0584377999999,825.4227973,866.18091913,4.887940111648746,12.36500008888889,4.3554797234042555,4.4476686377952745,5.7804782157480314,5.83322998212184,7.3386231466032,610.1625386253554,209.72262245668315,229.59583409985368,80.87343249585527,224.83689856181618,228.30736000972848,228.35550917626526,228.78504912996928,4.870001904584208,213.85904459999998,301.586159,81.055356,252.83025049999998,258.1853343,265.0651486,301.39099337
artifacts_c04_OLD,batch,64,5042.001626589844,5076.784401,3821.492683,5056.076416,5073.6794064999995,5074.7904097499995,5076.6547304,23.11183912285058,209.12794344444444,9.899641023622047,21.210314350806453,34.72047165748031,35.09945907104455,37.84104072362519,1594.0271367114551,52.101563270197516,101.01376379343938,4.781761746084657,47.146873246385454,96.93084768252004,98.19465916369028,100.84533025922184,12.645520514351796,2241.508437433594,3783.0635589999997,185.56086299999998,2401.1252655,3762.1839999999997,3770.4812509999997,3775.8768767499996
artifacts_c04_OLD,chat,1,1109.30409452,1149.050677,509.21226099999996,1116.477927,1121.7223622,1124.32806545,1133.2763347900002,4.228150235274295,4.494547244725738,4.155985661478599,4.223528407977288,4.284628847767164,4.313315337210379,4.382503878225947,223.44359648766363,236.5436610909064,240.61680704745842,222.491820766481,236.7689596851139,239.20300653304352,239.27401562693572,239.41178813969262,0.8882671297462279,49.98563663,83.34329199999999,47.890457999999995,49.302944499999995,50.441964899999995,51.65456804999999,58.00376779000013
artifacts_c04_OLD,chat,16,1743.22758121,1798.8856469999998,1041.828189,1768.4500719999999,1794.2951980999999,1796.7088419,1797.16728717,5.231530007977166,8.589530632075471,4.3111274862745095,4.954819533081958,5.969302470347182,6.512359056349206,7.805235006164509,2082.6600785946994,193.50332897271764,231.9578818264446,116.42079676225241,201.8237029480091,206.01869807842075,206.63637742129012,231.76673275835725,8.348338792619149,450.17802173999996,555.343412,87.95474899999999,531.6749155,551.7051157000001,553.31921575,553.83694484
artifacts_c04_OLD,chat,4,1230.81696799,1291.455732,440.673326,1243.4911955,1251.0227770999998,1253.13034865,1291.1614495499998,4.457265680233708,7.680224552631579,4.281207764705882,4.375799768007336,4.633888349686966,4.660863450944578,5.375098291718988,794.9562024573551,225.3004818159854,233.57894663369595,130.20452633215737,228.5299122915796,232.5014981875826,232.70787388645311,233.57214197604313,3.1895209535281457,131.5661691,189.93009999999998,74.364794,145.67113949999998,150.6456656,152.30657284999998,189.71891914
artifacts_c04_OLD,rag,1,1379.93707733,1402.932044,1372.563367,1379.2729534999999,1385.3546205,1387.91820465,1394.6217097699998,4.356947223469477,4.715639738197424,4.273469462745099,4.340393749019608,4.417565576331474,4.431167203249799,4.459950489841653,183.24569707668954,229.54984414816033,234.00190611345604,212.06030475565012,230.39384563478728,231.38523172048386,231.56729323830132,233.47529483353495,0.7203054130373017,276.03088510000003,299.912359,266.795168,276.353475,281.36720460000004,284.20817139999997,289.64101891
artifacts_c04_OLD,rag,16,5620.56033955,5797.108045,2254.568486,5756.048901,5787.688247499999,5790.4142166,5796.80185879,13.162439081240343,22.061687157894738,4.8095801254901955,12.85092859189383,19.55902497339046,21.25397017705882,21.585831260150375,687.9649665446991,86.54938600915341,207.91835750903084,45.32744902250831,77.83096092336515,131.61274435797466,132.3743870906678,207.84471938001988,2.712047015984149,2296.1823589299997,3877.799549,312.566822,2199.9388879999997,3820.9198616,3828.76314195,3862.2551253799998
artifacts_c04_OLD,rag,4,2218.55131638,2252.990792,2202.426728,2218.9248825,2224.0803253,2227.75637555,2252.9883140300003,5.882606153718868,7.750993052,4.802378011764706,5.468625935448702,7.594134915686274,7.628117216374373,7.744030136479999,456.85334739218763,176.23269194584023,208.23017212519153,129.01572653867473,183.45545043505675,207.76979239405208,207.92212155608024,208.14441432065405,1.7962308224903187,727.88707433,1009.066561,274.28007199999996,864.6759965,993.4900887999999,994.1500897,1008.96629677
artifacts_c04_OLD,summarize,1,1389.3249205799998,1401.704354,1008.498738,1393.262784,1397.3735307,1399.06766955,1400.86454294,4.458576952459336,5.394182154320988,4.366584869346733,4.432353969849245,4.504940909013605,4.555604450257731,4.57973661895254,141.33668467403993,224.38582632660393,229.01192348738337,185.38491496787034,225.61374990047958,225.98840188095025,226.08727033071827,228.2107916441502,0.7142545212959366,511.86798825999995,524.889026,484.537338,511.521779,516.7669275,518.800172,522.32770097
artifacts_c04_OLD,summarize,16,9030.38959995,13518.297998999999,2938.543423,9195.766361,11194.043439700003,12148.541634349998,13032.111600720002,28.759025072115918,65.92601262595419,5.364305587939698,29.031486979899494,41.144656642000406,43.54358328417085,47.523937103759636,338.993896334074,41.02991213700077,186.41741854682,15.168519377528883,34.44546621613094,59.36617014880406,82.68089979492406,133.2970912181551,1.7181647051904412,3420.63597128,7307.901790999999,520.692237,3387.258483,5871.2845966,6441.1166261,7226.4984420499995
artifacts_c04_OLD,summarize,4,2917.0712304699996,2947.947079,2015.3483649999998,2926.616599,2936.919524,2939.2989912499997,2943.71382415,8.659378407995321,12.274715204081632,5.084208696969697,8.667900955969687,12.100287211293843,12.194629602284262,12.2548700025,268.8019205667197,126.54191914945113,196.6874413703793,81.46828528188388,116.7688439657287,185.75218492780527,186.12278887409005,187.30660379811226,1.3633694490095338,1212.00199162,1884.9801659999998,502.640565,1232.9478595,1856.5010485,1862.3841885999998,1870.57314843
artifacts_c04_OLD,think,1,1035.7091631199999,2937.4307449999997,48.646797,659.5878369999999,2527.2875603,2658.3015886999997,2870.4228464600005,4.147566129597,4.372415545454546,3.044224,4.18510923902439,4.202515428,4.210163843513513,4.2902755759090905,225.7286039736945,241.7733600450674,328.49093890594116,228.7065329459765,238.94238904815646,239.67497295343114,250.79071995764,324.73831107178574,0.9542935823695549,49.67957651,76.395628,46.207215,48.993374499999994,49.9685738,54.09336329999999,61.333525450000074
artifacts_c04_OLD,think,16,2100.88113476,6444.404984,61.396282,2020.1078874999998,3792.3673583,4463.106881449999,5184.269788340007,6.277060478288832,17.603882499999997,4.4967999999999995,6.224411117732558,6.963564519235286,7.11056118556561,7.800123163333294,2151.5317366525765,162.90484659450337,222.3803593666607,56.805650685296264,160.6577684354953,184.96167417644577,202.4772110353683,215.25279265072382,6.833296502104352,158.50049779,591.230424,58.492435,77.9884415,590.1339148,590.8035848,591.00642858
artifacts_c04_OLD,think,4,1501.9914169,4460.40441,60.056385,1272.0236195,3341.7528900999996,3710.6471942499998,3938.5555288200026,4.506014527095446,5.955722631578947,1.412051,4.545104304923077,4.843334114471243,4.891408561219512,5.271029145004318,807.325089671177,226.7369136141243,708.1897183600308,167.9057373655572,220.01695346277177,233.69577106881798,249.48453452983884,334.0611538177306,2.557740114279486,64.50873675999999,200.40849899999998,51.837816,56.834215,74.4016187,91.98364029999998,200.31108003
artifacts_cNIM16bit,agent,1,6091.24049356,6204.738283,755.2630459999999,6191.413334,6195.7742363,6196.5249587,6204.53090275,6.653440905630524,15.801528463917524,5.978114288549618,6.034082879429134,8.846019393005838,10.726431023190193,13.400897872455781,152.1420101864824,156.79954946095594,167.27682873433577,63.28501716042722,165.72526770886344,166.48797348242832,166.69724203459572,167.22945074982525,0.16090829404611473,63.05263633,80.015517,58.091949,62.374992999999996,64.2715335,67.59767794999999,76.32184383
artifacts_cNIM16bit,agent,16,7522.889545949999,7838.114211,3218.4784,7810.013841499999,7834.931762499999,7835.67337655,7836.572104829999,7.629297624227836,17.095982584862384,6.190363884615385,7.289458429938991,7.716046910485083,9.887533225149518,13.873252071472441,1770.6355701708937,134.03684278766465,161.5413921765168,58.49327437227554,137.1844378000077,141.3647410330428,142.67741020220888,157.27018742870638,1.8668335004490324,442.36448286999996,615.86433,94.94576699999999,422.0876545,599.6516642999999,604.6801444500001,610.73397972
artifacts_cNIM16bit,agent,2,6181.721651270001,6310.277313,2579.121801,6292.067446999999,6297.9585398,6303.0163827999995,6310.26396384,6.760492311523135,33.207662304812835,6.03825296474045,6.108238964476536,6.245133661452225,8.750916957911869,22.080390956877974,304.95124222840116,158.01460794227987,165.61081588323026,30.11353195599886,163.71331363663256,164.84664999487813,165.3424897949165,165.5699026244261,0.31670742172274957,93.06404176999999,142.827256,78.171823,93.392178,99.88005340000001,104.893568,130.57355872000005
artifacts_cNIM16bit,agent,3,6285.955253919999,6449.673194999999,1968.1903249999998,6429.175991,6435.4350319,6438.65321185,6448.28874732,7.194944994388,33.18644083769634,6.0136133150147195,6.215314820292583,7.614183622804187,14.112011536375341,23.187868421844165,427.001366769663,151.8603031228116,166.2893750589536,30.1327884147222,160.89290092145762,162.45444036634277,162.86702450291492,163.69183434830413,0.45631504527834377,120.1504087,184.245297,62.929015,131.429887,137.323939,139.6972754,184.18908381
artifacts_cNIM16bit,agent,32,9687.144714882812,9954.363404,2916.724937,9906.1169145,9942.5088846,9944.18090345,9953.072211469998,9.27441612417203,19.476651349785406,8.518726210577864,9.035570254679802,9.695245347684681,10.072883404802699,16.00205225728927,3141.8627001134987,109.02486564962804,117.38844227183648,51.34352831196611,110.67396813332996,116.31024339107883,116.5993344818634,117.1293169446224,3.2198948391049322,746.15438553125,1177.382731,111.245707,831.7033134999999,1161.6284595,1167.0659045999998,1176.4634604
artifacts_cNIM16bit,agent,4,6410.75415713,6558.619417999999,2416.422642,6544.370025499999,6549.784893999999,6551.7792941,6558.42644621,6.89869542925803,31.63520585786802,6.151196834782609,6.287714818000607,6.698634487447398,9.337749937103174,16.586949957303247,581.0495399469623,152.5232254129568,162.5699887126667,31.61035222886938,159.04030876784898,160.41166772492667,160.975648152612,162.0644473077931,0.6090219165752643,155.20454844999998,221.739046,87.754637,170.447,179.05101249999998,186.75027305,221.70298327
artifacts_cNIM16bit,agent,6,6909.350683319999,7024.011168,2675.813705,7004.129443999999,7021.367835,7021.92696475,7022.37012024,6.928057319789398,14.66418147505423,6.272764731827111,6.660590477811178,6.873918019953775,8.225180092312508,12.62209316765558,824.1388997341076,146.5768479562425,159.41933784414755,68.19337319993865,150.13685734774373,151.2422846635854,152.9417468972742,159.11389435588526,0.8402292906500561,221.79194715,275.99991,102.035969,245.83595499999998,252.59405460000005,259.72897699999993,275.98086636
artifacts_cNIM16bit,agent,8,6912.05757183,7065.486145,3178.010441,7049.429720499999,7062.6709915,7064.4302826,7065.190173609999,7.037563402533215,18.794406347058825,6.28656055270936,6.623438252257481,6.8327325578709095,7.45120055988361,17.497220766520044,1062.5604754287294,146.5015636937784,159.06949302652043,53.20732038745624,150.97898734049153,152.0618243030237,152.57313891727316,157.521547645873,1.093596751228597,285.8732486,364.31309699999997,109.46992,317.29675349999997,337.81453849999997,363.75960085,364.05042822
artifacts_cNIM16bit,batch,1,813.7450137699999,843.107672,100.26064699999999,820.356505,822.9858489,827.6895232999999,829.53694505,6.050287979615212,8.739648197674418,5.92136688976378,5.982660236220473,6.11729587016129,6.140309274718069,7.860393955976748,152.1934711290514,165.64423027761669,168.87992563485503,114.42108164789695,167.14972306093344,167.62776560810192,167.69114553334177,168.4886608240053,1.209805016924097,62.00695845,88.91783099999999,59.431033,60.8280805,65.6816715,69.13903395,71.49735342000008
artifacts_cNIM16bit,batch,128,6650.007336755859,9493.296647,2758.468832,6690.7577795,7658.436207,8648.68717345,9227.74084186,37.48422869681154,86.67883049999999,15.09195844094488,38.98253562992126,47.329671552755904,49.348395052755905,51.49258810087333,2433.5344201916864,29.432312455461847,66.26045280425458,11.536842320455627,25.652512949479743,46.23075372772108,56.614698020309824,65.81885442426389,19.166109663864134,1942.134374814453,4772.327125,118.755468,1749.3279995,3881.5513401999997,4496.20143505,4762.935989539999
artifacts_cNIM16bit,batch,16,1449.14451083,1489.998267,958.050629,1470.3039495,1488.1533992,1488.8923114,1489.7556645299999,7.7246712499870345,10.780090377049179,6.104402196850393,6.92928495564516,8.681713696800001,10.325286281102361,10.612446405705978,1298.4909442032017,132.13985007483984,163.81620472451118,92.76360076989712,144.31596413876719,148.99717032013413,150.1851361182863,163.79414884028031,10.189837120012568,472.81286926999996,630.341789,108.76486399999999,403.965982,627.3968802999999,630.01460645,630.2053848200001
artifacts_cNIM16bit,batch,2,863.4157782,900.8008299999999,853.801334,862.153412,867.1525214999999,872.9994917999999,895.53407554,6.126914291745028,6.58966225,5.988425637795276,6.123385236220472,6.220715183199999,6.299905432320351,6.546449687115385,292.56757532923876,163.26258319710468,166.9887981389653,151.75284590648025,163.3083600455005,165.95552481874637,166.1593581070007,166.74750695790289,2.2998787463976007,90.31836181,137.679084,79.84674,93.771416,97.0860821,99.35231464999998,125.83505466000005
artifacts_cNIM16bit,batch,3,903.3376049999999,926.136164,823.8744409999999,903.002799,908.8935666,914.1584684999999,925.82741468,6.223996839131269,6.730593909836066,6.040679,6.1211390436507935,6.455404289763779,6.482385716782276,6.62184727202519,412.808173207732,160.7937613714368,165.54430387709726,148.57529861348542,163.36833025724144,164.7932667365684,164.94611781575472,165.5355872144035,3.2405068938514168,116.75713934,158.929126,61.316579999999995,129.7294715,133.3627835,135.94531535,158.66077363
artifacts_cNIM16bit,batch,32,2203.91384378125,2234.8835599999998,1880.3946199999998,2201.785378,2232.0381711,2232.7267728499996,2233.7624339699996,11.161732673847231,15.828342047244094,7.785000023622047,10.68992190211346,14.366144514173227,14.479723652371273,15.769160361023623,1836.1220302816764,94.14488788937751,128.45215118377612,63.177810854429445,93.58396025356373,126.28144203930982,127.68816842603484,128.43760523429893,14.445213268350004,796.3699335078124,1223.175076,156.724472,877.787143,1206.6769465,1218.3540368,1222.7760288599998
artifacts_cNIM16bit,batch,4,951.00340019,977.29539,940.379953,950.3984565,955.5639582999999,956.56027445,977.26332885,6.321264783771377,7.082438214876033,6.084220314960629,6.148930421259842,6.795693448031496,6.864120184690322,7.058513296984826,531.9038387846384,158.5179772036542,164.35959716006286,141.19431326624053,162.62990988505572,163.56611324569576,163.6833521727309,163.77369261961687,4.180319386864496,153.1671811,204.520533,88.07432999999999,171.07724149999999,175.59859699999998,178.05582455,204.50742243
artifacts_cNIM16bit,batch,6,1061.3101584199999,1094.6736939999998,949.463403,1063.4038655,1073.8954802,1087.40434815,1094.5245019899999,6.719563180368311,13.92421675862069,6.126347188976378,6.439340964566929,7.550929466929134,7.631855652,7.888716428643931,698.7139573116181,150.27227486672382,163.22940394226745,71.81732497670902,155.29539564028556,155.99124433250142,156.41098035563869,163.13995123010594,5.522120898692942,223.13597383,282.591822,94.067636,246.108137,251.13482680000004,257.67993784999993,282.4201461
artifacts_cNIM16bit,batch,64,3663.1087679179686,3709.264811,3612.011854,3661.535214,3677.7880135,3699.82506575,3704.6027899499995,17.86749187428053,36.60689602272727,10.038384299212598,16.93422189669841,25.36687866929134,25.50254399606299,27.440859208799996,2210.4450621154156,61.341129351081804,99.61762472855706,27.31725736536507,59.052386033938774,95.65441377098611,97.8880009268505,99.03597624441255,17.402938119742476,1414.7603424609374,2409.0811599999997,203.119602,1528.1263119999999,2350.482522,2372.5043095,2398.5150564499995
artifacts_cNIM16bit,batch,8,1123.21734357,1141.9430519999999,947.018201,1127.7466175,1139.5578265,1140.47261555,1140.9232688399998,6.611120171322406,8.19722543902439,6.122800196850394,6.375955354330709,7.95273121496063,8.005193157958379,8.154687171406373,872.1174579556807,152.16525189403836,163.32396417482414,121.99249702702053,156.8392412972764,158.06462719271013,158.25427871241922,163.3069615174933,6.855730351039075,289.24639138,332.679451,95.46843299999999,320.22015749999997,332.0497185,332.29513464999997,332.53631185
artifacts_cNIM16bit,chat,1,1562.4138920799999,1603.454802,1196.312174,1571.3824845,1574.4228767999998,1581.4343433,1586.0255381700001,5.980237844524214,6.288843215767635,5.90379934765625,5.948840720346113,6.045808645526693,6.081178993975904,6.215194950559316,159.89088575516766,167.23601461219417,169.38245037019934,159.01175553124946,168.09998350690188,168.64653956884678,168.78499864203724,169.0416252237772,0.6328552770835847,57.58983302,93.73875699999999,53.912662999999995,56.2066975,60.5980607,65.79388225,71.8034606500001
artifacts_cNIM16bit,chat,16,1941.93199511,1998.6706729999999,1135.519916,1974.8166294999999,1988.6601844,1990.5702928499998,1990.8061922,6.508171689714337,8.577256968421052,6.047558666666666,6.432868772575302,6.62026332352144,7.249822416167979,7.945585051506873,1832.2017493288017,154.00006498209578,165.35598166444686,116.58738961438452,155.4516631124668,157.62198303226242,158.62538975647897,162.78668671632363,7.358831027909076,329.71471346,355.631684,100.77928899999999,352.03613049999996,355.1122468,355.2024565,355.56763793
artifacts_cNIM16bit,chat,2,1591.90777031,1623.023602,1391.774058,1593.6166245,1596.5571344999998,1599.91799115,1617.80391709,6.008797639195851,6.426695651063829,5.916218933333333,5.9850654152385365,6.072529260481274,6.118715054748337,6.397745879913999,316.04385875232987,166.45460893750615,169.0268753182494,155.60095798755725,167.08255148024415,168.159549436283,168.4218452391943,168.81022715083188,1.248099908191809,76.64163545999999,114.387774,70.226799,75.5845425,80.47988850000002,83.44857354999999,111.35979861000001
artifacts_cNIM16bit,chat,3,1611.2443066199999,1673.5634069999999,649.3036979999999,1631.193558,1638.8377672999998,1640.35787445,1673.45990448,6.110540009566093,6.314888397540983,5.9858765568627454,6.092829134693205,6.194052178267741,6.247431796541563,6.312433930804678,448.71479210113444,163.6733875740573,167.059910190348,158.3559260349557,164.12736805060672,165.5834599853039,165.9332164535183,166.4869298296792,1.7947873769094613,89.62518519,147.164885,54.256395999999995,90.22367349999999,95.2565417,98.09992075,147.02544844999997
artifacts_cNIM16bit,chat,32,2492.704775765625,2515.509864,2209.6435819999997,2495.00061,2514.3482799999997,2514.80207565,2515.36175066,7.760215297892303,10.81689884117647,7.137111516666666,7.416492029456535,8.690303610231588,8.804222230765825,9.206034515702052,3218.775825021746,129.6566250867382,140.11270493179043,92.44793860818224,134.83465656235515,138.68222293274397,139.38526696830783,139.43550360406005,12.750388561965263,544.289646015625,686.564034,172.384349,626.413555,685.0250199999999,685.6191255499999,686.24007624
artifacts_cNIM16bit,chat,4,1655.7205265199998,1699.677683,1641.139013,1654.3036654999999,1660.2860622,1662.7525755999998,1699.5943190599999,6.122706792511336,6.557746383333334,6.023091905882353,6.114012192460317,6.220286231472835,6.2397650196894965,6.331765542018818,610.5688516373004,163.35345503190103,166.02768405764596,152.49141115635751,163.55875496554265,165.37937203993482,165.6020548279989,165.82319178963132,2.4026792524685203,106.10191867,160.53924,77.597256,110.749186,116.36415099999999,118.91360259999999,160.49843022
artifacts_cNIM16bit,chat,6,1731.0033522899998,1799.24146,871.123833,1741.047891,1746.3914498,1792.8773437999998,1799.19433996,6.304442546765893,7.349068555555555,6.0653177803921565,6.249361905511811,6.462869216862744,6.534258001929584,6.6670901685515105,847.8644746287785,158.70770109137405,164.87182307789064,136.07166574110212,160.01634275334365,161.31135728574563,161.92189766269158,164.22153845406916,3.3630735576882254,148.2305253,217.47973199999998,90.322862,155.092683,163.3537475,170.77902804999985,217.47640857
artifacts_cNIM16bit,chat,8,1765.8586064,1784.7793359999998,1282.968595,1774.3616,1779.7313939,1782.6925627,1783.1030145399998,6.2925464261546615,6.879742436213991,5.9866578825757575,6.238255375945348,6.573867268235293,6.637333923809523,6.692880656075288,1096.910641631929,159.00887711663145,167.03810700633358,145.35427877883063,160.30127096041815,161.59610527416547,161.68325893454553,164.88879363696742,4.331677295865138,178.99964819999997,199.237462,81.10215,193.3358025,197.9869781,198.30140575,199.09529206
artifacts_cNIM16bit,rag,1,1742.63731946,1758.5261819999998,1358.331205,1746.1211784999998,1750.5993895999998,1753.6431208499998,1756.59435639,6.121313780827087,6.512501393305439,6.015285478431372,6.107907278431372,6.188334306349207,6.199410775697211,6.233842947773056,145.03785488442685,163.37611164666484,166.24314898862846,153.55083087244407,163.72219722305096,164.42826854317843,164.82084455138366,165.24979187104688,0.5698037828413092,190.78857809,211.630977,183.27401999999998,189.506257,196.22734119999998,199.74625964999998,207.69365493
artifacts_cNIM16bit,rag,16,4611.10163776,4894.325502,2360.542587,4707.616863499999,4759.0278418,4821.826045,4888.067771399999,12.563048164383087,24.959829145631065,6.690155933333333,12.22561029204015,16.488420324061625,17.587256645830994,17.773351390279878,824.7959737887362,84.34960807162632,149.4733471035488,40.06437680984842,81.81837090194604,110.17023217968564,113.17017283729692,147.73204352666693,3.258260147699835,1462.1806822,2514.519383,207.92387,1484.7607575,2343.2880474,2440.2138128499996,2514.3459746
artifacts_cNIM16bit,rag,2,1939.4449996199999,1950.2785159999999,1696.769488,1943.144343,1948.2844484999998,1948.8265402999998,1950.17236325,6.602962346876097,7.015853364,6.249617105882353,6.6098381960075585,6.898802885098039,6.923878610273542,6.978712422073735,261.48050276518546,151.7241270598993,160.0098026899545,142.53433589864292,151.36262544406816,158.74947693758534,159.2006844970003,159.71242357581497,1.0254137363340605,262.20686324999997,353.29186,187.651872,268.373115,336.2206838,337.73512565,339.76768087000005
artifacts_cNIM16bit,rag,3,2133.80303051,2158.459921,1747.1076289999999,2138.7996479999997,2143.7129065999998,2144.6317098,2152.57895074,6.940043731333634,8.046516307053942,6.105212541176471,6.5930358275574985,7.662549684313725,7.718829017269841,7.931192753764417,351.3487829909583,144.87467978325546,163.79446141400027,124.27738437854832,151.67539816218905,153.1339787896058,153.49291346000908,154.17715426208355,1.3776222670599054,371.03374076,484.96345199999996,184.352938,465.1752995,472.61536029999996,475.38501694999997,477.54789759
artifacts_cNIM16bit,rag,4,2337.26106729,2354.152267,2304.359077,2340.2208459999997,2348.8565644,2350.6344485,2353.99854673,7.32836481751838,8.621860168674697,6.6402944296875,7.087999612199558,8.450556349675775,8.505282178059192,8.5759169612485,434.3690801461622,137.65194684907047,150.5957319496541,115.98425170860942,141.13076000062884,149.39147657078308,149.47608522365795,149.7720548172525,1.7050798043028939,477.88133263,646.4344699999999,189.01988799999998,550.9931425,634.3664557000001,639.07501035,646.27639571
artifacts_cNIM16bit,rag,6,2814.5226724599997,2858.786471,2351.041605,2840.7600585,2852.1571289999997,2857.5574217,2858.55029264,8.412280824834617,10.435074355731224,6.712608337254902,8.091382419607843,10.337076209803922,10.370466494509804,10.422020666470699,531.5157507276884,120.56987307642859,148.97338705879963,95.8306539953664,123.58827554416536,134.14269527221953,134.41045657171173,148.96973416733564,2.086912523961241,679.9275682599999,951.1635239999999,191.006049,778.749181,940.7324856,941.7245808499999,950.97733173
artifacts_cNIM16bit,rag,8,3107.27418796,3159.1598529999997,2341.39183,3139.8246464999997,3154.2998319999997,3154.4784923,3159.12745723,8.913853474838335,11.835795910931173,6.713913976470588,8.313428512741192,11.408439066666668,11.556753626976672,11.72246545329258,635.5890840626826,114.85536493333629,148.94441655114653,84.48945956194049,120.31039640036798,133.86455616063023,134.50435851883896,147.77302533426504,2.492213010479875,843.3599716900001,1268.1260049999999,193.652537,792.393612,1234.5777295999999,1244.4058427,1268.07513385
artifacts_cNIM16bit,summarize,1,1584.42156125,1594.148996,1554.189588,1584.5324435,1589.2189037,1591.19383715,1593.6590935099998,6.282019803594427,6.460924036082474,6.203225281407034,6.264690718592964,6.356448435714285,6.367322058521014,6.454261049013674,125.1228900162264,159.19406082400542,161.2064619025374,154.77662241736266,159.6247995780233,160.26680340230723,160.51448715664927,161.20315848918233,0.628221569594951,339.57869454,357.650806,313.884014,339.09874249999996,343.5074306,348.8184108,354.43239916
artifacts_cNIM16bit,summarize,16,6896.61869489,9187.124537,2679.098612,7002.5705405,7918.4218568,8285.04962625,8871.848001470002,23.303213198289942,33.475499954773866,7.39075068877551,22.21266659647221,31.609265075376886,32.992018717839194,33.42813161879397,445.42995243821736,46.42307564870835,135.3042528573885,29.872593429553607,45.01935847947921,56.259449056945556,68.76379100352466,116.26275631405326,2.235869653841067,2278.30810976,4738.019824999999,339.865439,2525.8478325,3575.0302992000024,4171.16234725,4491.0980137100005
artifacts_cNIM16bit,summarize,2,1919.0886005399998,1934.6618039999998,1900.0438259999999,1920.174544,1926.235007,1928.4467753,1931.81022582,7.285053734494242,8.188138305699482,6.524366638190955,7.358732109589398,7.982668034673367,8.008879057908164,8.08079603967238,206.93702651032237,138.44648819258268,153.27158258495345,122.12788336805868,136.484137364994,151.7189073326171,151.97161989522618,152.57873202880356,1.0380067541649396,474.04033717,622.5006129999999,330.38296399999996,477.16583249999996,611.7697381,614.51119845,617.64647866
artifacts_cNIM16bit,summarize,3,2272.54356232,2295.540502,1589.715316,2280.8041694999997,2291.7793881,2293.79202115,2295.52871803,8.36856391520111,9.871654903061224,6.261920070351759,8.395277356783918,9.76725457638191,9.803908604820016,9.850931339030614,258.8896366299216,121.7231326828598,159.69542708388894,101.30013759799256,119.11458908133434,142.98251643438425,143.45581542132763,144.0402345691382,1.2976273702066141,611.1964222999999,903.758166,327.91860499999996,607.2082305,891.4409792999999,896.11239485,900.7727962499999
artifacts_cNIM16bit,summarize,4,2647.2666167899997,2670.7218749999997,2614.7333799999997,2649.6390375,2661.0608963,2666.3295736,2670.47150301,9.436819526263529,11.882162066666666,7.218687407035175,9.424787067955759,11.606663152763819,11.62905975,11.76654897229932,300.37149361374776,109.23083281920911,138.5293397003757,84.15976775853997,106.4277893678319,137.53716498971974,137.96104227199368,138.21975000594952,1.506452147117447,774.8514620999999,1222.203248,323.44750899999997,779.1897735,1204.8422870999998,1210.8015111500001,1217.89039913
artifacts_cNIM16bit,summarize,6,3460.87754353,3527.295705,2659.085072,3493.0660424999996,3515.7347939,3520.6745929,3526.8847164,11.989129888304571,16.001370309644667,7.28075520603015,11.464370682976607,15.74487554359931,15.863927235427134,15.982825197461928,339.3060053171612,87.36197648261076,137.34838924013934,62.49464768634594,87.229860464806,116.00180619863252,116.76306364898815,117.78039427882376,1.7032578952721307,1083.65972631,1804.863331,335.869808,985.3212259999999,1777.4462409999999,1793.3477920999999,1804.6559527299999
artifacts_cNIM16bit,summarize,8,4012.9263722199994,4643.889647,2670.12455,4069.280273,4086.5026199,4106.166306749999,4371.033586820002,13.348365814616903,19.074403882653062,7.289613864321608,12.731043914417796,18.573091638190952,18.723031501100195,19.06431803540816,386.3736168946585,80.26191020608202,137.18147745718252,52.426277966643845,78.54815430849767,113.56494350877614,115.73782904738785,116.77643979173733,1.9380699081794668,1365.38931415,2374.5555179999997,345.504914,1272.710703,2300.0461493000003,2351.39988975,2373.51673971
artifacts_cNIM16bit,think,1,1660.66685514,7909.1474259999995,52.910058,1132.2462735,3676.1852099000057,4848.3003296,6936.111170050005,5.848361242942866,6.2015674999999995,2.1375755,5.938688412844036,5.963009077039294,5.968411951096773,5.986502259730199,161.6785145410514,173.32711297955709,467.819733150946,161.24955505200901,168.38734927349054,169.7377751263419,180.93800814402428,240.4417080595052,0.5967978832123266,54.69147872999999,67.232868,47.815542,54.160720999999995,58.4418465,59.909752049999994,65.81970636
artifacts_cNIM16bit,think,16,2175.14400602,12928.859499,74.010516,1555.3761439999998,4660.493456000001,6463.946570349999,9900.461275050016,7.340331464372579,9.910610666666665,3.9480589999999998,7.381378976428571,7.866121760884155,8.122348576022855,8.511602515555557,1228.593624778485,137.7119425814906,253.28902126336004,100.90195585660514,135.47604126520332,150.55190422080267,156.58539745066557,217.73863902158436,4.35439881190319,105.57842898,316.460309,43.732537,64.57415,316.10652039999997,316.25601385,316.44122476999996
artifacts_cNIM16bit,think,2,1667.95010673,6745.10308,51.207046999999996,1459.3890279999998,3509.9683174000006,4216.699357349999,5702.536078810005,6.001058341758175,6.324314784482758,4.242515,6.009657230649378,6.135075950547142,6.1845079688461535,6.295457909248768,310.3430260156352,166.89441523297594,235.70924322011822,158.1198966334795,166.39884600692642,168.64790096725775,170.44911871173966,178.74707198297227,1.1581692268086101,54.31282071,99.739277,44.222007999999995,51.600587999999995,65.21855280000001,72.38282664999998,97.23472253000001
artifacts_cNIM16bit,think,3,1738.52352545,6374.077961,62.014958,1470.285602,3284.973833300001,4068.7747241999996,5783.308161710002,6.1303569067670995,7.361164782608695,478.31649999999996,6.170150317018218,6.2723999017457395,6.383248259549638,6.594419275248772,450.9907782848688,181.0046727045315,2090.6659084518305,135.84806610532277,162.07062649701635,165.62105298330644,166.6137198880952,189.3449907487907,1.6527679051741444,56.1229989,126.11083199999999,45.650462999999995,52.1550705,63.937049900000034,75.280366,126.07101023999999
artifacts_cNIM16bit,think,32,2318.496808609375,9077.64094,66.742034,1926.8989075,4735.655657099999,5317.716438749999,7815.875355710003,9.631076365566642,27.239264,5.3070128,9.371269044943821,10.441890042355615,11.56206560900695,27.199159209238093,2441.6473434315244,109.66041004617249,188.42992050066283,36.711711447122795,106.70913354467616,134.9118617706999,148.05305133485564,163.57866402909363,10.344935949132273,190.008667796875,641.333941,53.645674,92.365676,639.819087,640.5706472999999,641.08863115
artifacts_cNIM16bit,think,4,1734.3930642,6172.1948139999995,50.843348999999996,1348.734602,3574.2132540000007,4103.918120349999,4608.385716490008,6.207520017589113,6.5241791343283575,4.107244,6.2469056185567,6.412141909936305,6.445866918976536,6.513444182913839,606.7163346750226,161.6865673639618,243.47226510039334,153.2759875856699,160.07925540438086,165.1373967277521,166.30344553436555,232.6346779153861,2.259819482549995,57.39309675,162.355603,45.612767999999996,51.705082,62.117105800000026,76.04549549999997,162.29223706
artifacts_cNIM16bit,think,6,1958.51988244,9795.651063,61.279821999999996,1383.6880414999998,4453.156272100001,5136.6625248499995,5929.65101256002,6.454966621626946,9.921849,4.690491333333333,6.490640004694836,6.640243671318887,6.746933022170842,6.841139867812516,801.1354332311843,155.60913035903806,213.19728125141688,100.78766568610347,154.06801271214346,161.60724342712066,163.9192828103261,193.75115002105832,2.7339706966221353,65.05760853999999,194.925707,41.125177,53.8596175,79.8388784,145.3019265,194.69211056
artifacts_cNIM16bit,think,8,2044.54202564,6915.624635,65.480097,1550.3862745,3832.8254585000022,4997.349263999998,6812.16716297,6.671818255164892,7.4751619450549445,2.9153849999999997,6.746044023737909,6.941309206062788,7.079562538211707,7.467724431484448,1080.5255004500984,151.22123938369606,343.00787031558434,133.77636596375433,148.235026001263,156.19092531901566,161.3168748094515,179.88937480167726,3.6748818163115957,69.21852555,206.076484,41.767452999999996,55.694259499999994,87.47590830000006,205.42804905,205.8326569
artifacts_cNIM8bit,agent,1,4444.36572185,4610.7066669999995,490.755359,4579.7349575,4582.5930758,4586.1464733,4592.886289810001,5.074651704635129,39.34858854782609,4.408704963276836,4.458570644827585,4.62022211131386,5.768692388252544,18.23991058288873,206.15670292417764,216.29373538066903,226.82397854465066,25.413872184628776,224.2871269914537,225.5130942069062,225.7079607878799,226.269351156413,0.21723572489375936,55.70137386,76.73942199999999,53.094345,54.720315,58.0099013,61.39145944999999,67.05427477000005
artifacts_cNIM8bit,agent,16,5583.79075882,5703.14298,3000.240493,5657.1188489999995,5693.6264652,5702.7786316,5703.084673949999,5.474785953129761,13.013812830769231,4.647652482552343,5.2219167076626976,5.43726010732824,7.063169785410773,10.809426499730383,2512.4455816277473,186.77414790578305,215.16238654978605,76.84143094755814,191.50068994313085,196.489368055486,196.93089934995294,214.5270855513296,2.5663124805954456,355.70775446,513.777684,86.500002,394.5264295,496.737259,508.17879915,508.64248668
artifacts_cNIM8bit,agent,2,4586.73596172,4686.2778419999995,1007.2893819999999,4655.193936,4659.2724593,4663.23208465,4683.0288501,5.070973117278937,20.504976869955154,4.435851309210527,4.509347573232851,4.6260644675671205,7.799651946282998,17.480949981867507,407.94291399432745,211.6761109991221,225.4358702068342,48.768648038089054,221.761570562121,222.85254546322275,223.10252467448473,223.54933634772252,0.4273846413283543,79.05069540000001,113.825525,63.630598,80.326537,86.7344957,89.71597884999998,97.42812629000008
artifacts_cNIM8bit,agent,3,4620.99042559,4767.595323,1453.3674429999999,4739.792783,4747.149119199999,4750.1930162,4767.32288886,4.816995210385207,12.023396132467532,4.422649381231671,4.572052253921568,4.676090335759401,6.2070877276782515,8.845064103063823,593.2874178402553,212.4454833795867,226.1088125691547,83.17117634506252,218.7201606527387,220.47377002965808,221.06689219800052,222.06813475475911,0.6179176139315675,101.08263733,134.26324599999998,56.882286,109.1779115,116.77513540000001,122.76005065,134.13637057
artifacts_cNIM8bit,agent,32,7671.203237507812,7773.868399,1604.4067949999999,7706.5107515,7768.605154299999,7770.1662417,7771.76054647,7.697304847330235,20.32350676033058,6.274806578947368,7.091547079456085,8.871388462085909,13.335018518629115,17.45838074889084,3954.266671157508,135.79558674143527,159.36746215494585,49.204106938468826,141.01302388292675,148.9678854792271,149.66903819180226,150.5469200419595,4.124062037873063,599.8424586953124,929.357144,118.78569399999999,612.5262335,918.9179702,921.4140415499999,926.2444892599999
artifacts_cNIM8bit,agent,4,4749.2353396299995,4848.79052,1577.603185,4809.973075,4822.2513316,4823.88937715,4848.4177562899995,4.83872508009781,10.377457876923076,4.543973151898734,4.604038777393879,4.704769012516348,5.887131371296474,9.21465960898663,805.4256031148849,210.80446657374915,220.07172282304137,96.36271347569185,217.2006032989498,218.75203925446388,219.1424790875843,220.03002861199113,0.8273248930334811,133.73691689,184.777401,78.08841799999999,143.691067,158.75070549999998,160.31978515,184.61130474
artifacts_cNIM8bit,agent,6,5189.8853895,5273.142981999999,1837.9413519999998,5249.2844175,5264.7339194,5269.9912283,5270.98001416,5.413301005468394,12.876307739795918,4.57849765750736,4.964852852063686,5.263125588931246,9.553807965394864,11.906358287185197,1079.0657184640622,192.49285088816612,218.41225546119927,77.66201462468692,201.4158399558661,202.56295401024286,203.9779909167665,217.78653152578687,1.1203971700678657,186.74285841,229.204007,85.44827699999999,205.7675645,216.10994469999997,222.51817995,228.18397930999998
artifacts_cNIM8bit,agent,64,10322.762736367187,10912.263663,2615.017542,10460.253058,10565.8168785,10764.844535,10900.2956566,10.260207516503849,28.95257086068111,8.446660217221135,9.363303647329019,11.633560471735537,16.448022091687626,27.34133062520992,5835.876932643702,102.23198679463293,118.3899877920021,34.53924712979616,106.79991168476228,114.18104729204751,115.66688744591812,117.47053704024329,6.098543089294324,972.624650984375,1840.422517,79.847675,982.9838209999999,1641.2011054999998,1720.5572372499998,1838.0629017499998
artifacts_cNIM8bit,agent,8,5070.433243649999,5167.095898,3737.0851509999998,5101.900067,5130.6334041,5166.301932949999,5166.79737934,5.00289546604625,12.915229781333332,4.611173272727272,4.79152559248269,4.933000062685982,5.306452160619586,9.040968759072344,1487.5217703780284,203.53061036183593,216.86454636491055,77.42796813768827,208.70179798460794,210.68094729275592,211.0789837316527,216.66468317091798,1.5046750661319324,216.41775384,311.94918,83.413765,232.966927,286.8619268,311.4744343,311.88555072
artifacts_cNIM8bit,batch,1,610.1310451,640.7547519999999,212.039899,613.623625,616.5182462999999,618.8295671,621.8591051200001,4.44294800059724,5.139854741935484,4.385403102362204,4.418056799212598,4.489637497561291,4.526079860483871,4.597510844140668,204.17263115461202,225.14140620107287,228.0292088682448,194.5580274557401,226.34385329385876,226.91984928428656,227.1105859593713,227.82103530371353,1.6140128945028618,53.24563712,80.003468,39.970585,53.002815999999996,54.2090257,55.2424016,57.12482738000012
artifacts_cNIM8bit,batch,128,4834.237431945312,7350.66287,3368.582082,4814.971738,5923.0407866000005,6536.077511899999,7157.224336279999,25.671003080400503,37.357927158730156,10.912715559055117,27.971405234612902,33.83069497795275,35.35837263503937,36.67947244070866,3350.4818316207943,43.05833144326398,91.63621965480657,26.76808045990074,35.75243448649263,67.67447298500613,82.3858799382308,91.04085269710762,26.34002330507849,1597.1148217792968,3525.434969,103.552122,1336.321618,2974.7172354,3386.90879155,3521.54678096
artifacts_cNIM8bit,batch,16,1118.63848768,1175.200457,722.615356,1124.9443915,1170.0240455,1174.67054255,1175.1106541,5.764483018462045,8.21805694736842,4.57264253543307,5.123389515227242,6.56949090967613,7.734795427559055,7.985700530449295,1665.5403365603283,177.77923711590836,218.69192534755854,121.6832648403853,195.18734742436635,203.84914886707335,204.57266711020722,218.63409509038914,13.174658571114763,397.8497617,547.417417,81.690783,361.03746,531.9855516,546.8134173,547.1022604
artifacts_cNIM8bit,batch,2,657.25107234,686.379475,634.810392,658.0871334999999,665.27222,675.3408039,682.78256344,4.596273005903976,6.489329298850574,4.466630362204723,4.58685955511811,4.669016621272131,4.6915775875,4.922690291609203,382.4891840212627,217.8911174241842,223.88241670089775,154.09913011767262,218.01408859218589,223.2566517549175,223.45139073348957,223.65702502592268,3.015762706152036,79.72406987999999,117.90423,64.734799,79.84732799999999,93.3424874,93.80801279999999,98.70489369000009
artifacts_cNIM8bit,batch,3,684.58905777,709.717909,592.5009269999999,684.566558,694.4027973,697.75408725,709.5007485399999,4.651591623256117,5.015740696721312,4.420113937007874,4.550506606299212,4.855249959242594,4.931569554687097,4.984807529406237,541.8279145869423,215.20871761262777,226.2385120047231,199.37234806689264,219.75575317354654,221.048376699143,221.24046203787879,221.82657269778716,4.260658288801936,97.84234760999999,132.916696,62.446273,106.5462495,117.1160764,121.6435114,132.68066614
artifacts_cNIM8bit,batch,32,1712.0314173046875,1757.166506,1682.3320939999999,1715.62149,1741.8639132,1755.9576632,1756.8380407799998,8.616892013476871,12.342256216,6.163231842519685,8.398263948818897,11.130514453543308,11.558651088188975,12.207874056062993,2369.079659996155,121.35591215379972,162.25253658333494,81.02246319466619,119.07222961705382,156.51032426520345,159.69241243134636,161.7526502064376,18.595829795763034,622.88124178125,962.303646,155.470809,629.8451765,910.7812363999999,960.5421243,962.2410777
artifacts_cNIM8bit,batch,4,717.9212665399999,747.018976,709.105741,716.0837174999999,726.3327867999999,729.61360425,746.85122347,4.717980899981717,5.652132327433628,4.549286952755906,4.5785261220472435,5.069681822834645,5.084422693823622,5.2067979449816555,702.788114858342,212.4320036364883,219.81466774572473,176.92437863606312,218.41110704905435,219.33182148380664,219.5060558404121,219.80067399451838,5.526367184543069,122.84679399999999,166.875572,71.997725,135.4061705,142.2791675,149.5844359,166.75466726
artifacts_cNIM8bit,batch,6,814.5128422,850.173546,726.7377419999999,813.689483,834.8715688999999,844.2535849999999,849.83136933,5.114417981884556,5.870606975806451,4.564281724409449,5.071682940944882,5.727154410236221,5.7431870208661415,5.833224298798064,914.7545515835516,196.2756335216585,219.09252328840094,170.34013759073505,197.1732089750722,206.662646809632,209.43587094244893,219.07200790697465,7.180177013999621,168.12111939,235.518769,82.287149,169.270537,221.0136135,222.63748109999995,235.20423906999997
artifacts_cNIM8bit,batch,64,2685.5155781054686,2717.406732,2620.248446,2690.240605,2703.0792275,2704.9439835,2709.0720716999995,13.14078023952185,37.75737516393442,7.288292149606299,13.250602464566928,18.20757096062992,18.671443121387096,19.52204860722606,3017.0270502760427,83.24756465161943,137.2063549968998,26.484891909414106,75.46826664799744,129.5554887209251,133.9209378764499,137.01985386298188,23.71891179776639,1032.9972616914063,1763.176644,179.491336,1008.1614695,1733.9827759999998,1747.1889185,1757.99928835
artifacts_cNIM8bit,batch,8,862.5491119899999,896.979374,724.66562,869.8193205,878.7519777,896.6111762999999,896.9145230599999,5.02477477841772,6.681469404494382,4.558974094488188,4.891289769417323,5.979248892913386,6.02545435,6.109788748926837,1132.0361430200273,200.42455988932167,219.3475942776254,149.6676762939805,204.44602967250987,213.95533921759957,214.18893431737334,219.32418124634114,8.897556732060263,228.89816837,303.429066,86.941014,248.31183449999997,283.0052295,303.0557018,303.35231823
artifacts_cNIM8bit,chat,1,1152.0243344799999,1176.2560919999999,590.605654,1160.761656,1164.8199011,1167.9974020999998,1172.2921062599999,4.422275601029651,5.080701486363636,4.335493592156863,4.410009341897233,4.489104398173339,4.518941788491618,4.673111025156525,214.73121576875144,226.20131750992968,230.65424472291988,196.82321480290722,226.756889514379,228.56895584151226,228.71727451063597,229.99622565803173,0.8546175904192925,45.6648789,59.471135,42.357952,44.75649,49.170023,51.090053,57.786650990000005
artifacts_cNIM8bit,chat,16,1464.47029755,1508.282571,807.136722,1492.720895,1501.9819326,1502.5445195,1503.05948544,4.851546042539292,5.51349974117647,4.5370779133858266,4.786657271084337,5.168781387843137,5.363029110532213,5.509814706444022,2462.020803943361,206.478520722903,220.40617752004675,181.3730020755601,208.9144980284122,214.21124707935596,214.3372403017043,217.82802620160757,9.780791371140001,248.21746827,313.00288,40.576274,267.12868149999997,306.4329211,312.4008234,312.99999513999995
artifacts_cNIM8bit,chat,2,1174.5632628199999,1244.268895,663.516225,1190.291727,1196.0622607,1197.9999676500001,1240.56620689,4.466814207449828,4.688114270833333,4.393185435294118,4.460072718308865,4.526768141767068,4.558855501821863,4.600442293892007,415.81851607579875,223.90055288653284,227.6252652497131,213.30538084820307,224.2115915618139,226.48440169905896,226.67149177241927,227.26703570053252,1.666006314659236,64.14717521,116.177634,50.311358999999996,62.664469999999994,68.3948721,71.07547989999999,113.35458663
artifacts_cNIM8bit,chat,3,1197.9199399000001,1266.131594,523.085334,1214.2511104999999,1221.8040164000001,1226.1190693499998,1265.83213979,4.526267024127107,4.836204084745763,4.44909847808765,4.5108068333333335,4.5822771701029925,4.6329416283084335,4.693613380106718,599.5969441984699,220.97180117981475,224.7646360099965,206.77373875808416,221.68983000850994,223.7842883323273,223.95691404964265,224.0632360538973,2.4038685971954856,73.57777179,124.78743,43.184444,73.3202345,80.4498517,85.82422064999999,124.73591237999999
artifacts_cNIM8bit,chat,32,1971.452488015625,2033.078125,1113.125904,2017.4300214999998,2031.7619104999999,2032.1968468499997,2032.90414973,6.232319862391594,9.54411206779661,5.6961134215686275,5.934679502360038,6.887912756355234,6.95476733858455,7.362974884053688,3886.008353728686,161.55903732979863,175.55830194908836,104.77664060276103,168.5011112625071,173.9401657963248,174.08468348491473,175.2857469711346,15.804310656031259,445.60535914062496,556.028656,154.9448,500.0778615,554.4278721,555.4325345,555.86274299
artifacts_cNIM8bit,chat,4,1203.08972193,1274.733516,466.812417,1235.3057119999999,1241.4517067999998,1258.03097075,1274.6186146199998,4.582381772012618,7.767195752380952,4.4571793945312495,4.544905020191409,4.651157547543161,4.672817676555704,4.737540417846406,787.9184207971786,218.90116310218002,224.35713519338105,128.7465942510153,220.0266060527997,222.75202896721183,222.93531763502875,223.465065641375,3.208790147819909,87.45804177,128.60318999999998,66.615732,89.406863,94.46244429999999,113.90918609999999,128.48963204999998
artifacts_cNIM8bit,chat,6,1291.28307105,1358.562457,458.14309699999995,1313.4109425,1330.2242962,1352.09262865,1358.5240945,4.732651219279187,5.11535300862069,4.499259388235294,4.712576533730158,4.857546083356157,4.9068321097609555,5.107728345961206,1107.163387101383,211.3924060690634,222.2588016629602,195.48992969101877,212.198146804213,214.78270108886684,215.62169213024418,222.22810857345652,4.452877200375576,119.58029301,171.054702,75.854033,125.2212675,129.26915370000006,137.9991871499999,171.01144394999997
artifacts_cNIM8bit,chat,8,1305.74122443,1382.9213399999999,556.299664,1325.515747,1337.2036435,1382.3771649999999,1382.8482017699998,4.653927467890311,5.4798116352941175,4.498046211764706,4.597849157480315,4.852422009803922,4.930808903756971,5.125446684610203,1437.2961723251317,215.06163934598223,222.3187475007449,182.48802450785828,217.49339393445524,218.95823649178598,219.0221259476248,222.2677183517388,5.7736650290235865,153.21081969,218.59982399999998,70.829505,159.499761,169.79505980000002,218.04135599999998,218.51991416999996
artifacts_cNIM8bit,rag,1,1303.2719450099999,1317.3365549999999,860.219882,1307.024019,1311.8597784,1314.07634745,1315.30267326,4.569735203452599,7.666614746666666,4.478236015686274,4.516938558823529,4.587781971360956,4.603492082,4.8790655896185795,191.85419220377955,219.46349303640562,223.30221017767266,130.43566594170986,221.38888828709472,221.828331737368,221.8696264382262,222.6111000435851,0.7598486760021369,157.29894968,167.46470599999998,149.49354499999998,156.770791,158.8051537,163.7098284,164.70486518
artifacts_cNIM8bit,rag,16,3346.8218578499996,3454.7937039999997,1743.67969,3429.8366355,3441.7699,3446.75389765,3451.69360711,8.922413570888022,12.998303232931727,4.833677211764706,8.908391749929972,12.22773890117647,12.573948249019608,12.824197121691867,1131.4553744549144,118.81614633465533,206.8818326482571,76.93311827550379,112.25387294066115,157.94214320281392,160.2588915819701,198.6511525769229,4.474985660713947,1100.95926371,1839.234011,162.886307,1156.508375,1806.2088723,1824.4237428,1831.6907852
artifacts_cNIM8bit,rag,2,1447.75709123,1473.1636979999998,1439.796009,1446.3122785,1453.0563977,1457.0444225499998,1469.55245322,4.851068591176128,5.162094485943775,4.576773349019607,4.914300952781113,5.103838146825396,5.1205929088909174,5.1470666126994375,349.9407269223722,206.56762233414818,218.49454271407396,193.7198171639379,203.60015532071824,217.07286985928053,217.10970785187936,217.31399278691552,1.373555469334585,216.74308784,295.705425,156.359904,223.8580965,274.5642346,277.66615310000003,285.56651325000007
artifacts_cNIM8bit,rag,3,1587.608407,1615.877996,1310.089289,1589.012092,1598.690351,1601.82865345,1611.85777034,5.171553359453257,5.7847697165991905,4.514408490196078,5.174061407843137,5.631377899209486,5.682776191035856,5.7158971386059925,471.1961303222844,194.36340400590367,221.51296281045362,172.86772836099863,193.27177026171668,211.26494551788846,211.35511042807394,212.20014126479268,1.8487704724851273,274.85178698,407.821932,150.44145799999998,270.538344,384.8792628,390.27172335,395.16453252
artifacts_cNIM8bit,rag,32,5971.19124825,7222.559383999999,4752.290566,5983.761294999999,6018.2916909,6556.632583149999,7161.88864911,15.807417804654278,26.544518884615382,9.328513776470588,15.50594722927171,20.868206054117646,21.797111736470587,22.876023021649406,1355.5269804494449,67.2784100831283,107.19821227281786,37.672560740197774,64.5121043109043,93.13219749581754,101.28316170981384,107.12678627314342,5.334587348117723,1977.2658877499998,3646.464267,192.819945,2036.5592439999998,3284.054024,3508.61881525,3635.56678069
artifacts_cNIM8bit,rag,4,1720.75162742,1751.6881469999998,1386.5287819999999,1725.6859694999998,1734.8803504,1737.571672,1751.5249910399998,5.391783907664621,6.23000628,4.806564203921568,5.13395248359927,6.118376828627451,6.160549044799252,6.22763085816,585.42559620718,187.44773619502624,208.04881773640352,160.513481857999,194.9097206657703,206.9789508823083,207.14653299077705,207.23933959599353,2.3061871034358083,358.16998757999994,526.014275,149.442971,436.413567,495.60936119999997,496.95066585,525.75854909
artifacts_cNIM8bit,rag,6,2119.33333201,2157.7436319999997,1719.3571239999999,2140.8945185,2148.348447,2150.6324204,2157.5923015900003,6.37936249595093,8.403391047058824,4.824113329411764,6.027907488235295,7.761434500046501,7.810706617460317,8.005929938925524,700.0852026220523,159.67279631589167,207.29197921267252,118.99957938408669,165.89504883396376,179.03228494061108,179.2179071766875,204.3279144613035,2.7676821609885445,514.1396163,735.2857349999999,155.885471,602.4545175,717.9023177,720.3688809500001,735.1872052499999
artifacts_cNIM8bit,rag,8,2246.34633317,2315.4641659999998,1583.401431,2279.5485025,2288.4185641999998,2304.26252935,2315.43658856,6.358164530185164,8.498978461538462,4.810354035294117,6.134504296078431,8.228326925882353,8.27288026797489,8.43521266124189,863.5524441294117,161.50135047877055,207.8849067371935,117.66119946360973,163.01236185205642,189.73761193729348,190.04870466142984,207.86711316295643,3.423127776308763,646.8792502499999,973.7860529999999,167.89873599999999,717.3616079999999,938.4443054,941.98097235,973.78217319
artifacts_cNIM8bit,summarize,1,1204.87775792,1228.8818979999999,1197.004023,1203.9714589999999,1208.5155645,1212.2289533499998,1219.2504354999999,4.608932775054019,4.70889669072165,4.528010763819095,4.588755090452261,4.659151252040816,4.70092422628866,4.703591576701031,164.1049941501047,216.9836981664184,220.8475315453009,212.363970942575,217.92402983938632,218.2720663305327,218.3184377163745,219.16265211443456,0.824855461925633,292.59393274,314.94672199999997,288.711122,291.335135,297.5489628,301.16373245,306.6754007
artifacts_cNIM8bit,summarize,16,5056.59768855,6537.517014,1971.2977759999999,5109.5417375,6050.1005156,6202.039476749999,6308.4183291300005,16.331899167162888,24.350238239795917,5.1786664874371855,15.976871957286432,22.910174879899497,24.11653091653795,24.200562708227103,608.6682989199473,68.20189242983518,193.09990369642034,41.06736000495003,62.59321277308487,108.32338026480723,118.15254457310203,161.24392931105857,3.059864764327103,1825.70210316,3557.8369989999997,294.606983,1924.0241999999998,3152.7951295000007,3344.3443061499997,3544.70543407
artifacts_cNIM8bit,summarize,2,1460.57924945,1492.2734659999999,1419.093582,1460.4539849999999,1466.2193524,1468.7587249,1490.6709044899999,5.332651772510473,5.995262123076923,4.720061045226131,5.359618758340671,5.920711714213198,5.944263146173469,5.987518703538461,271.20068642594407,189.59589050655023,211.86166670691682,166.79837836461004,188.120460090246,210.3461069354099,210.37142185235027,210.7879634145718,1.362064619687329,404.22439712,542.3870019999999,283.634228,411.62231099999997,516.6883208,518.8031844,525.09865576
artifacts_cNIM8bit,summarize,3,1717.91004142,1749.485217,1209.630262,1724.490089,1735.7297982,1737.17264365,1745.7517933499998,6.082197806665146,7.327190753846153,4.640369994897958,6.077781816774227,7.214026256270829,7.255758102791878,7.302796710599686,341.3506563490677,168.13312677210462,215.5000573444553,136.47795363797303,164.53371440577035,200.346669206267,200.41472125458742,200.69695225806265,1.7148990522434953,513.34697405,755.289377,277.904894,524.427471,735.3318686,739.94915535,744.26663582
artifacts_cNIM8bit,summarize,32,9534.25290240625,14776.458367,4133.418101,9546.1712895,11919.694747599999,13465.434722449996,14460.96937966,37.10186429079465,46.852470308080804,12.877897793814434,38.66321544921033,43.27194195418718,44.76769506532662,46.586027009657045,664.3560191782253,28.766610318953635,77.65242557526152,21.343591777006612,25.86438190707122,37.93871154730506,53.71414635781394,72.79934344288007,3.3428031941040466,2199.829740859375,7118.198464,292.679485,1935.2103614999999,4370.140789799999,5914.834850799998,6895.67809163
artifacts_cNIM8bit,summarize,4,1971.1376743699998,2007.0841289999998,1859.494954,1973.3803125,1982.8393062999999,1984.3223852499998,2002.83989901,6.800197943339467,8.959844488636364,5.138102442211055,6.769093213567839,8.433537563316584,8.467384428338393,8.574308537233303,401.60436372477415,152.03586789349052,194.62437957341984,111.6090799643102,148.3717884313791,193.38082518558292,193.67796063000372,193.90848325935474,2.0203459287894865,626.42006476,980.4208299999999,282.033523,638.9962065,946.4785597999999,950.6245777,955.54981438
artifacts_cNIM8bit,summarize,6,2626.8199650399997,2683.0313029999998,1958.5102109999998,2657.1500025,2667.7005596999998,2673.1912433499997,2678.56902848,8.9713085674816,12.082384117948719,5.168167994974874,8.54371673506045,11.793491954202832,11.835865570603014,12.048076046179485,446.03473445051276,116.83195130256527,193.49216220763768,82.76512236641047,117.04513198280503,154.34918285475592,155.37758872304732,162.95147893199328,2.242620214442721,851.56831384,1390.900899,285.12357499999996,776.0534745,1370.7822875,1375.7819934000001,1381.96747362
artifacts_cNIM8bit,summarize,8,2967.55210965,3056.823212,1955.152962,3006.1791104999998,3033.0580091999996,3044.8422923,3054.22769138,9.541116217826152,13.744624435897435,5.167790180904523,9.068382062303904,13.52164167638191,13.596362555778894,13.677575079358974,521.7040383694181,113.25085737555513,193.50630830467836,72.75571658315059,110.27326432441627,165.25599585971614,165.63888554816907,168.13737366011554,2.6191276588654957,1077.04708545,1868.838892,291.023938,1010.05396,1791.5730900999997,1808.01687665,1828.24930582
artifacts_cNIM8bit,think,1,1267.7914376400001,3886.783466,44.942758,1115.378948,2559.5808940999996,2790.1065656999995,3477.213767660002,4.310258926872045,4.452847267605633,1.8184272,4.376638240677965,4.385241923466237,4.386867384829755,4.399271117485446,219.0242999910859,234.73143240389757,549.925782016459,224.5754098226045,228.4858708918776,229.8118394603903,238.26978020445634,361.8635231928767,0.7805292042018671,43.37299149,59.495219999999996,35.482285,42.560134999999995,45.4108489,50.982184749999995,54.91912518000002
artifacts_cNIM8bit,think,16,1710.2964803099999,9787.43643,56.781907,1330.7230929999998,3150.4240106000016,3774.382833749997,5580.270112470022,5.594309849850347,7.033678666666667,3.285725,5.670636020717555,6.102642550394139,6.383061683185424,6.796825148095239,1699.2407155862504,180.59305598616263,304.34683365162937,142.1731141542055,176.34719622887968,201.02076355084625,211.48176485650725,244.1981461648286,5.876675481882242,101.1032952,308.38129699999996,43.867315,67.94377399999999,307.53486769999995,307.7761819,308.37670538
artifacts_cNIM8bit,think,2,1243.89633038,4968.972337,42.970441,928.29782,2921.5988623,3085.17235415,3704.039097430006,4.44054971819496,4.890338909090909,2.8250669999999998,4.461781792397661,4.567817644907367,4.578728172600732,4.764558654497606,425.1591656853089,225.91844197871552,353.9739057516158,204.48480536615716,224.12570729117223,226.8936064024426,228.73734380320494,288.64991712644394,1.5851726844088918,45.773973979999994,95.12733399999999,40.106373,43.67686,49.7706866,56.5362747,92.50321129
artifacts_cNIM8bit,think,3,1250.2335288,9567.142323,46.497749,829.9096559999999,2553.966046500003,3165.524817849999,4630.949274840025,4.5403672384113305,4.849308072580644,2.8182709999999997,4.570750159285714,4.66969381792018,4.76587156862895,4.819880577099433,612.7210191385774,221.10480252209487,354.8274811045495,206.21498676363373,218.78247583524384,224.03174824716345,224.64614948177584,290.22817122404325,2.3306238841330447,48.15830107,121.336869,41.129475,44.254653999999995,57.2843981,61.63539419999999,120.71692110000001
artifacts_cNIM8bit,think,32,2051.7484604375,6455.261299,62.033598,1704.6023225,4109.4864202,4710.3741421999985,5562.461244180001,7.508172381762953,13.036165931034482,5.014227365452409,7.620073323442137,8.347794174135036,9.428272098503117,9.841575321818182,3039.4561231163116,135.7077567534795,199.4325201306014,76.70967102523257,131.2323330175359,164.8938940801421,176.31545717694186,192.19664083629644,11.656591076189114,164.7231934921875,550.9620229999999,46.883762,80.5199045,549.3752573999999,550.3481240499999,550.82892546
artifacts_cNIM8bit,think,4,1314.81636365,4854.705357,50.428287999999995,1026.7077124999998,2992.6233214999997,3639.94978865,4114.911875430003,4.6777479111565,6.476832,3.9961344999999997,4.6512374591691,4.86148129945055,5.0335708082669965,5.431952490000005,793.1382863759898,214.3862570817624,250.24182744599813,154.3964703731701,214.99656341710175,222.75295080314078,224.37702364006617,247.02187887440945,2.910065259130397,50.58031841,137.168849,40.081351999999995,45.1621775,59.722086000000004,66.92504989999999,137.05667903
artifacts_cNIM8bit,think,6,1385.3814290599998,6633.014575,47.014126999999995,1047.513906,2818.1338511000004,3836.784275249999,6162.085373620002,4.88238711671757,6.8644421428571425,4.073058,4.849895455581531,5.1428045016845925,5.494076821246246,5.7538077321428585,1134.4583220738443,205.5770863817448,245.51577708935153,145.6782618585487,206.190013608867,217.32103750242447,220.45511066195337,234.06488690439951,4.126953770867781,55.370303189999994,169.337725,42.692549,47.145066,61.68006750000002,131.1664307999999,169.05290992
artifacts_cNIM8bit,think,8,1471.82711793,5685.607448,49.430202,1265.050279,3028.8786442,3622.1836976,4318.220386520007,5.020004172632182,5.658336857142857,3.767664,5.064090169429591,5.268230427927818,5.349101500260956,5.573200430571429,1413.474344597382,199.87749255962038,265.41644902517845,176.73037594742,197.46887571080262,211.2890269600158,214.24384147663153,257.150523906977,5.069668751470113,61.27337547,177.54268399999998,42.589389999999995,47.649937,83.33526180000004,177.06981535,177.31945979
v15-70b-tp2-len8k,chat,1,6731.90446022,6754.351729,6702.938173,6731.209272,6735.572117,6739.21443545,6748.56960826,25.95076146088212,26.547017819277105,25.7116546692607,25.930466768627447,25.978518164854098,26.129866161750268,26.348331344447754,37.94712165761997,38.53502417902736,38.89286834563548,37.6690145314119,38.564674093262624,38.58796876479443,38.591214063432204,38.709999377993995,0.14835843950903108,120.25822256,145.172314,117.373167,119.351941,122.8543798,127.21243954999998,134.88285691000004
v15-70b-tp2-len8k,chat,4,7071.78460714,7107.231642,7054.194173,7070.5740325,7077.0129732,7077.6372476,7106.92939599,26.364077320170335,27.368525343873518,25.955222171875,26.076630115686275,27.142823043137255,27.1562122972549,27.319322519960473,144.45902001194153,37.94200778979891,38.527892128143556,36.538322304013036,38.348513429521034,38.377965352898116,38.38804053213363,38.391639944379854,0.5649330100971474,356.65034012999996,454.830581,147.48394299999998,421.9246425,429.1478805,431.19924699999996,454.59978428
v15-8b-tp1-len8k,agent,1,6209.9210731699995,6298.330862,2323.505869,6270.6969905,6274.061172399999,6277.41282355,6282.6001877,6.453398807565081,19.263598645962734,6.046377820375335,6.11071943011811,6.228309520203122,6.59500739172793,15.770515847373352,155.95592747259985,159.61054993265364,165.38827537871654,51.91138054620859,163.64685230247258,164.39322370138777,164.66316059872844,164.89659329049493,0.15888092530751113,64.22925422,89.228116,61.126816,63.011075,68.2288471,69.848186,73.79337745000008
v15-8b-tp1-len8k,agent,128,23791.035399912107,27708.920253999997,7235.4540879999995,24440.0538075,25715.103339999998,26867.04371485,27428.82911288,23.344277232697866,70.52071878571428,18.898254516268977,22.566974601997813,23.989252970738917,31.052511357098396,49.398831916438034,5015.701653884628,43.930035349547175,52.91493979717163,14.180229827756305,44.312541563025306,49.3762895935012,50.74189388079267,51.535284811283994,5.224497895969242,1983.099647220703,4848.06581,150.407635,1506.4762815,4026.2223040999997,4483.918076399999,4777.975303779999
v15-8b-tp1-len8k,agent,16,7626.99177059,8056.378782999999,2613.398358,8007.121435999999,8045.365935899999,8051.9894895,8052.49689697,7.732826288457121,15.491754808314086,6.340667519569471,7.466721129436869,7.762860436979686,9.307944357915103,14.428201174574372,1720.6952039288612,132.11803041886014,157.7121015908274,64.55046651418223,133.92772481748057,138.1789688902173,141.52021462222964,157.25344243978645,1.8216703938605516,470.68930257999995,675.871419,95.992933,414.74042299999996,629.1059042,671.0334471,671.61880173
v15-8b-tp1-len8k,agent,4,6506.2508586,6684.36147,1515.544161,6642.1146545,6648.1061761,6652.6701596,6684.2001089099995,6.562246672744914,10.324213298245613,6.26334118224299,6.385376360315893,6.494675895932539,7.839921079583991,9.831678038384583,585.9487054855534,153.57873231536013,159.6591932170436,96.85968035646157,156.607841291226,157.76157757845414,158.1441171924504,159.61017295172024,0.6000130104505135,154.51571891999998,217.9877,94.640824,170.706243,176.2644244,182.12046515,217.80535289
v15-8b-tp1-len8k,agent,64,14382.582247410155,14812.892280999999,4779.548264,14732.350183999999,14775.981507999999,14785.30256325,14801.98840145,14.095273704510435,79.50521173809524,10.996282650442478,13.363663396726977,14.433333204128306,16.152757842378747,33.12288263367421,4152.906931940592,73.83677909428597,90.93982319195489,12.577791796771557,74.82991666383188,81.15010609667178,82.24349175645126,82.87894423832226,4.328392827066055,1364.3278542109374,2447.746746,145.366449,1368.2393554999999,2250.491974,2341.37483975,2441.59318755
v15-8b-tp1-len8k,batch,1,832.24370961,858.109646,819.482183,831.7161179999999,833.4340215,841.6791655,843.79922867,6.137284509142231,9.035977178571429,5.989789960629921,6.0762608897637795,6.223378975,6.377876030316804,6.623148604093418,151.47720154406784,163.22887389861785,166.9507623093405,110.6687168678859,164.57489539818886,164.9809948156,165.18589426827657,166.22612866314714,1.1938619289412662,61.08297407,87.01569099999999,58.636199999999995,60.146114,61.826275,66.67420109999999,71.82969193000008
v15-8b-tp1-len8k,batch,128,6754.422366082031,7863.459851,5667.445954,6766.3338305,6837.521021,6889.45921085,7576.54087216,33.322923093847216,65.78691016666666,15.276669322834646,32.62283686298413,47.418758454330714,49.34829382813992,51.34632078385826,2395.8980744083847,33.53215468665083,65.45929474988766,15.200592298172507,30.65369977777295,53.43548200564095,60.511962753980875,62.91023967803981,18.860988239319376,2555.0471519648436,4796.994889,110.16782699999999,2580.827446,4408.638524000007,4724.9005748,4775.6617747499995
v15-8b-tp1-len8k,batch,16,1486.33990693,1527.80155,977.9038899999999,1507.2096179999999,1519.9745302,1527.03980845,1527.4198713399999,7.896736924407981,10.793437193548387,6.251204157480315,7.014940520161289,8.976002088709675,10.496440838188976,10.614955280675641,1266.7037396178932,129.28142307532042,159.96917950654034,92.64889229148754,142.55310487824732,145.84753419194993,146.21923999666336,159.96839634337002,9.935710562537402,487.69576923,647.769678,109.477655,407.68235899999996,636.6428599,646.7266979,647.4090536699999
v15-8b-tp1-len8k,batch,4,968.9476991399999,1012.768341,950.062008,968.1225585,974.0804147999999,975.7272111499999,1012.66403757,6.436017963958318,7.242282216666666,6.1866787109375,6.2763782165354325,6.8936775346456685,6.959367673181102,7.182702966346994,522.8455023935604,155.665439494372,161.63761635659026,138.07802155219795,159.32755581535457,160.33205515067937,160.40605907570725,161.433464497022,4.101070690984081,154.97694131999998,221.846365,91.055121,171.1998755,177.976452,181.76419144999997,221.76247141
v15-8b-tp1-len8k,batch,64,3702.030763613281,3750.734649,3582.799361,3704.7942085,3736.4345009999997,3742.92976825,3748.1843748,18.36081662365885,27.577852231999998,10.315392921259843,18.34922727303765,25.678036208661414,26.278720627952755,27.329900016929134,2195.0875180996572,59.31704181145474,96.94250210663498,36.26098187732141,54.49899195528633,91.04015460671043,94.94713665554058,96.81937204227286,17.221121161886312,1380.0145862812499,2407.780946,123.59867299999999,1369.7876899999999,2292.8215849999997,2379.3748355,2398.3932004499998
v15-8b-tp1-len8k,chat,1,1583.2573651199998,1613.852476,891.411855,1594.6383415,1599.2876852999998,1605.1047044499999,1609.01447173,6.101816396720677,6.58372838034188,5.981031560311283,6.082171164031621,6.175153839357429,6.228322284520806,6.569878715348484,156.68570675273338,163.92554190399485,167.1952388005715,151.88961971545854,164.4149718935974,165.8864113988443,165.93440968281814,166.50580051550045,0.6236991750367541,56.917404340000004,78.49136899999999,53.547647999999995,55.602107,61.4370932,66.25915155,68.71124018000005
v15-8b-tp1-len8k,chat,128,5661.346132537109,6715.273679999999,3455.2165579999996,5759.636775,5991.4015246,6201.6682315,6482.09194985,18.29724160702911,51.50501586746987,12.99357162385321,18.187637773327328,21.345462232549018,21.834791320833332,23.571355881607104,5562.350249712844,55.84324845493103,76.9611334703562,19.41558473786611,54.98240165254144,68.12609310691809,72.93700735000887,75.41197141953347,22.278815998098867,1131.0059968613282,2414.839485,93.795585,1135.168688,2058.0561725999996,2208.6472834499996,2369.70699694
v15-8b-tp1-len8k,chat,16,2022.13297105,2086.0723009999997,1384.9530519999998,2039.0420815,2084.9602335,2085.3149520499996,2085.79056482,6.678836885904376,7.574250689516129,6.258074007936508,6.610071194444444,6.853576095884773,7.475894571905388,7.5446408125578115,1795.901850460122,149.92212864574088,159.79357206894596,132.02626120946144,151.28430136428798,153.11200603502593,153.17528581382913,159.03908587456013,7.124050340989813,345.27176088,414.808182,96.17634199999999,367.0782335,413.4309821,413.84343485,414.46105236
v15-8b-tp1-len8k,chat,4,1661.5040425399998,1723.58693,306.254571,1688.700498,1694.891158,1695.5528955999998,1723.4609970499998,6.26796591584171,6.728884790598291,6.1522827265624995,6.258470154481793,6.381058077400796,6.433429530823293,6.612648226542347,586.7337034441366,159.5811847299061,162.54129474292472,148.61303635295056,159.78370505679243,161.93499624703225,162.02973615892364,162.47193204158032,2.356265625654137,107.88113954999999,148.611457,83.722807,111.3779215,119.4755693,121.4204649,148.46429844999997
v15-8b-tp1-len8k,chat,64,3565.8078444140624,3664.011203,1846.9581549999998,3588.383625,3647.7470704999996,3653.1168267499997,3659.0595049999997,10.999190793313845,21.42363826890756,9.237384909803922,11.003934148857143,12.991963209243696,13.228030906652661,13.743551789128665,4466.278114485773,92.36722979574202,108.25574659541024,46.677412465991566,90.87709256693557,106.167060242552,107.05344801368166,107.63435109690862,17.779271910749006,822.4609856835937,1255.4253469999999,111.544327,884.8952704999999,1222.229895,1247.4047982499999,1254.22770165
v15-8b-tp1-len8k,rag,1,1772.84623969,1785.846129,1762.211082,1772.2416325,1778.2827375,1779.4295837,1783.53762918,6.235303763216281,6.469311338775509,6.157271356862745,6.215783433333334,6.290359342857142,6.3305380028,6.41977890654565,143.08859493202434,160.38647349290306,162.40960354710114,154.575958341383,160.88076627286324,161.3024964863655,161.43854546734372,162.40216872030743,0.5614840485482041,190.16253213999997,205.78178599999998,182.566969,189.03341799999998,194.5129346,196.81191079999996,205.45873315999998
v15-8b-tp1-len8k,rag,16,4684.95825827,5201.368393,2384.991557,4774.714633,4821.066012,4896.514365149999,4958.293554400001,12.644243597182934,18.029438766798418,6.789818733333333,12.396711133647058,16.706685312453295,17.607150280980388,18.00895528332016,819.7461294575954,83.29016442562335,147.27933679446974,55.464843522557146,80.68367923308824,108.30716718077117,111.26199267521517,147.27138281415176,3.2187298942107567,1476.7519948499998,2510.024211,209.540855,1488.884439,2348.0854701000007,2472.3491119,2509.99619895
v15-8b-tp1-len8k,rag,4,2376.13548067,2390.012568,2354.0621419999998,2377.206945,2382.7895046,2383.70551115,2390.0076942299997,7.421138992425498,8.690525478087649,6.781064803921568,7.1413436610173475,8.554579800784314,8.589047028396251,8.681806236494022,427.93185976135476,135.93658928336288,147.46946518217734,115.0678405490447,140.1547456892909,147.28562888188554,147.32963143805733,147.4118955867827,1.6773090571918425,490.24441156,659.526451,191.36853,567.729693,647.9437528,648.7091003999999,659.3257601799999
v15-8b-tp1-len8k,think,1,1823.94265698,5634.007909999999,53.753572,1665.0509935,3469.1475976,4117.075944849999,4638.292061840005,5.976451307833076,6.06073495,3.9306859999999997,6.019636945054945,6.034651727811486,6.038857290888096,6.056949436560975,160.0751743126319,167.67714560372139,254.4085180042364,164.99649106087372,166.12297537669397,167.36707571273732,169.50102260838364,194.45544887307213,0.5436966724836353,56.04377356,92.289183,51.02619,54.6310155,59.533233500000016,66.99934979999999,71.05464726000011
v15-8b-tp1-len8k,think,128,5936.516560130859,25335.47844,98.965976,4830.8569655,12446.554065800003,14292.817029149997,18306.073219599995,23.600977420252374,291.34672366666666,9.027489177890724,21.661657818897638,26.525679531468537,34.42163620426665,106.67615800742027,4718.281110257698,48.74732883045367,110.77277195181864,3.4323365212924517,46.1645183559127,67.84156872987421,80.60891182880408,93.0424539322317,17.388700025566962,509.0555538359375,2511.568369,73.068167,212.02995099999998,1636.8741796,2192.4071452499998,2503.28730423
v15-8b-tp1-len8k,think,16,2133.91911841,8422.258238,86.359087,1598.015033,4473.0755947000025,5244.478975699999,7199.190897560005,7.606754573294321,10.227803333333334,5.0840749999999995,7.6888910380200866,8.031572933613447,8.42573747506321,9.060902224712649,1700.9166824602178,132.32978035101382,196.69261370062398,97.77270518498432,130.05776713987217,144.87035717891484,149.43775758719076,157.68447338115973,6.379314714999129,111.55889044,361.876508,42.281042,78.7812625,360.13509339999996,361.02333074999996,361.33715995999995
v15-8b-tp1-len8k,think,4,1750.8124363399997,6085.106462,55.906484999999996,1500.681412,3876.382650400001,4204.808607649999,5436.242059880003,6.286030570426256,8.192224,2.483399,6.350315585575719,6.483991864490655,6.580987916860179,6.932448082187506,597.2504385998867,161.24077386622855,402.67391587094943,122.0669747311597,157.4724943638413,162.5050824255411,166.75081358886538,240.5078430047291,2.2427729575662285,57.93605581,154.01177199999998,43.869914,51.5223745,75.112684,79.64231679999999,153.58668679
v15-8b-tp1-len8k,think,64,3707.2418346874997,12352.178697,61.022473,3043.199467,7447.3216845,8812.37065275,11441.493353999993,16.54129146155855,285.299265,7.960799,13.144556582445855,15.728837470158357,19.54711380833333,142.87642647249984,3804.5823908531497,77.55640530446229,125.61553180779968,3.5050913993767208,76.0771213484179,98.96131469623734,111.35370724571168,123.89205994332491,14.02914068503286,306.82506980859375,1324.695872,54.039691999999995,133.76165749999998,867.2824224999999,1151.29494675,1322.6381537
h100nvl-conf02,agent,1,6029.78687528,6287.1286549999995,1607.970229,6260.9328685,6267.581262399999,6270.3313348500005,6274.615241119999,6.8168957503559975,26.213174466101695,6.0355049154639175,6.096900520435842,7.587727485112376,10.213491181295169,21.57058333559854,147.59050439823162,155.68564542205445,165.68622078955514,38.148756126167704,164.01776557098037,164.75678269997016,165.2789357358244,165.6844767150189,0.1591632654274624,65.52806531,87.958489,58.460302999999996,64.146557,71.86514900000002,74.4870442,80.51315737000003
h100nvl-conf02,agent,128,27349.037086624998,31285.918483999998,12789.692869999999,29411.408973999998,29657.434685599997,30099.265516099997,31009.783018709997,14.523700562618323,48.24260695959595,11.367945319859402,13.952528479218245,14.45886189104655,18.137086065418337,31.869849855906946,4210.333114228644,70.5144170645293,87.96664409117406,20.728564707075588,71.67159712238148,74.72380491984404,78.96256889687609,83.59009895200896,4.343593196112502,13581.680500189452,17051.161168,109.590841,15231.140104499998,15531.754061399999,16288.482887999999,16871.67822722
h100nvl-conf02,agent,16,7859.009863439999,8058.773609999999,1411.0952,7996.2386135,8046.225406199999,8053.5549201,8055.099468539999,7.8128363457252705,17.640508285371702,6.326153680851063,7.449489200348149,8.490747978996017,11.323746550160516,12.89382492911024,1766.8330961748206,130.89893379866308,158.07393409157095,56.687708983376886,134.23742447168274,138.19892201377726,138.6338527406996,156.64309791877696,1.8233195353809217,466.74399639999996,695.8878,104.99774,442.376124,632.6904672000001,689.35398675,690.33117255
h100nvl-conf02,agent,4,6526.13843889,6692.594897,2381.5661809999997,6655.9172675,6671.7851531999995,6675.30130915,6692.279179069999,6.682769819793188,15.286697742924527,6.273667873595506,6.398896509378084,6.519700041984807,7.401012643806713,12.273956495368768,581.6798837984865,152.4943227616641,159.39638822909018,65.41635196933566,156.27694648704465,157.18997467812093,157.35061983485198,159.27983336673438,0.5986578195612434,156.00172168,209.80502199999998,90.52524299999999,171.46050499999998,183.0789413,189.01751115,209.51565786999998
h100nvl-conf02,agent,64,14401.555173566405,14806.990689,5391.969849,14755.985983999999,14788.8312335,14793.624174249999,14801.1418121,14.236127254997134,70.12462862694301,11.00860858422939,13.23904755934416,14.316832598157532,18.756421623713788,36.64590253167535,4137.528036841825,73.63551851540083,90.83800121957016,14.260325075230188,75.53419870484163,81.3795655553157,81.98112768321761,83.67589209109161,4.326349534289548,1367.288884628906,2392.877568,118.124732,1410.403699,2312.8927045,2356.8931485,2382.3980413
h100nvl-conf02,batch,1,828.2800937799999,836.546472,824.6605159999999,827.480551,831.8541946,832.71190485,836.2849932,6.087998683492596,6.355006239669422,6.003327385826772,6.053348425196851,6.1940627725806445,6.236302206533569,6.341389206942149,152.60658205495562,164.28202668254144,166.5742905111081,157.3562577732447,165.19782628203058,165.7541593492162,165.8315194136714,166.05203429963487,1.1996429687521077,60.02108263,66.343961,58.245383,59.896987499999994,60.9961135,62.20622279999999,63.55762283000001
h100nvl-conf02,batch,128,6937.044734083984,9206.471250999999,3645.6357639999997,7282.781252,7550.5114189,8336.0255696,8917.82807425,23.963220078485094,38.366125063291136,10.395810283464566,24.45694818503937,26.070229266666665,27.118633442125983,28.108282867007873,2224.776983774291,42.84752350474819,96.19259804986882,26.064659862061593,40.888175926505866,43.807206943376386,59.13633514532047,93.52509100708883,17.497746750217928,3914.2442149863277,6029.771828999999,133.315821,4169.620328,4486.7671998,5315.7273708,5886.9317440899995
h100nvl-conf02,batch,16,1484.4134128699998,1542.3220689999998,980.8119019999999,1501.891668,1533.3145679,1541.53962665,1541.86910143,7.833299796296502,10.51040731496063,6.231088645669291,7.046407235986251,8.75078251111111,10.44095467480315,10.478533921968504,1268.977103695054,130.204837279633,160.4856000074748,95.1437912949947,141.92014705127224,146.57770891197922,146.9896807780962,160.4772874687683,9.944961627704185,492.70513855999997,673.0584249999999,116.075992,435.5198205,635.7426436,672.29386435,672.68366446
h100nvl-conf02,batch,4,970.01144949,1012.8846669999999,948.827824,967.104257,978.7727398,982.8481961,1012.85842111,6.437146547719802,7.487878726495726,6.1662697165354325,6.265838692913385,6.8770822370078735,6.942690435189351,7.097484916533252,521.3356862955558,155.64051022325634,162.1726012597869,133.54917147115614,159.59555458112993,160.30455932130664,160.4805709138313,162.1628730495083,4.097262545548222,157.54437143,223.928674,90.740343,171.93745149999998,185.01875219999997,190.78983659999997,223.76687730999998
h100nvl-conf02,batch,64,3709.24653103125,3747.0038459999996,3644.4410759999996,3711.6687829999996,3731.277671,3734.08192375,3742.0024861999996,18.407055976692014,27.87844196062992,10.291419976377952,17.636477870078743,25.839027742407197,26.294053615271377,27.49348976521372,2184.2510493095347,59.277769315513325,97.16832101841287,35.87001029010893,56.70068371306424,92.87660062337774,94.94066453636991,96.46216983546756,17.185612337438638,1387.9678943125,2404.621857,103.878947,1460.0373324999998,2351.841915,2390.43810325,2401.7399477
h100nvl-conf02,chat,1,1582.0768349100001,1599.9879939999998,1487.112543,1582.865813,1585.2651192,1590.5122888499998,1597.52299597,6.089232482028183,11.221935867647058,5.961474803921568,6.001256422880963,6.114060068,6.168505505455792,6.439287570391976,158.6588892805009,164.8893083659751,167.74372666008443,89.11118471840574,166.63180145651273,167.0711949509443,167.17493371751337,167.5576946213996,0.6282027608508903,56.42937024,71.670135,52.033491,55.4072065,60.789904500000006,64.99225499999999,70.15959300000002
h100nvl-conf02,chat,128,6579.081945763672,7695.450868999999,2297.59663,7004.155376,7074.4986118,7395.9601324,7684.3470098299995,12.074606883448741,25.919436419354835,8.925287566666666,11.900358343503042,12.96031892654668,13.092956127290837,14.09347190578165,4546.641993182369,83.51379070311265,112.04120791969851,38.58108578523217,84.03125280291917,88.51277802035965,96.72448171313782,108.72835481910565,18.16698169558892,3579.3694156523434,4740.1174519999995,124.31691199999999,3898.814915,4071.7233856999997,4470.9428072,4731.42077231
h100nvl-conf02,chat,16,2005.99795672,2061.10741,956.6780729999999,2021.2300954999998,2059.8541587,2060.5082315,2060.95744084,6.658027370533394,8.073537606796116,6.171515727272728,6.596470841176471,6.774130031696193,7.383269256862746,7.546779833587964,1803.160753854268,150.42139284274037,162.0347487053902,123.8614407590327,151.59621355664268,154.03473508272114,154.70209873459228,161.93200874951572,7.16108321626,336.30244658,405.712471,120.545327,355.908161,404.5913841,405.09517504999997,405.69639142
h100nvl-conf02,chat,4,1690.06465433,1735.479238,1683.165129,1688.2987575,1692.1702459,1694.1669620999999,1735.1549278599998,6.262430708702513,6.8961398189655165,6.1548971137254895,6.245325972222222,6.374467226029426,6.398403439799999,6.722841674343502,596.6498243075108,159.72712836161364,162.47225282937526,145.00866082352852,160.11974574995793,162.11726839206375,162.2722460917369,162.35587355310545,2.355134697669183,110.16462037999999,164.91206699999998,84.158655,114.17607699999999,117.15223459999999,123.3761889,164.53355436
h100nvl-conf02,chat,64,3597.3261557460937,3660.378455,1733.412416,3608.7399465,3646.3178705,3648.32289375,3655.17887665,10.95192281005248,19.71325264150943,9.18807603791469,10.665927193227091,12.559539525691699,12.749780532437246,13.930925150199617,4425.77370674526,92.55077364061252,108.83671357022835,50.72729590520941,93.7565000582562,107.19421929816801,107.56481462202532,108.24651055723625,17.624884402445186,867.8039636875,1272.15115,180.85924699999998,924.8079755,1265.0837139999999,1266.88772075,1271.361093
h100nvl-conf02,rag,1,1763.9099088399998,1785.5898189999998,1755.8597809999999,1763.028214,1767.7136822999998,1770.05663975,1777.53079231,6.20292288782494,6.4501076844262295,6.12999837254902,6.180173337254902,6.274797093227092,6.295179552698007,6.434098537129977,143.87098483859856,161.22551236682017,163.13218034088527,155.03617132075138,161.80775950982883,161.99690015774274,162.0864262854248,162.98938860744332,0.5643105896787549,188.78137350999998,212.56456,182.54775899999999,187.75380049999998,191.73165950000003,197.30737129999997,201.14815027000006
h100nvl-conf02,rag,16,4677.376068399999,5341.2734709999995,2390.31553,4769.378454,4815.548402899999,4933.88386085,5074.686294760001,12.696956941136682,18.09595907142857,6.803601572549019,12.613551990196079,16.71569897647059,17.597100520392154,18.008132266929426,820.0831036073138,82.91540495991988,146.9809760810762,55.26095610919481,79.27980961188148,108.42722644584285,111.2059891108583,133.2907157095065,3.2196737607762307,1455.38763176,2503.494073,203.556514,1548.8863775,2357.5366262000007,2461.80666325,2503.48506796
h100nvl-conf02,rag,4,2373.9775749699998,2395.60432,1938.1594969999999,2378.405923,2385.5711393,2387.4973514499998,2395.5517430799996,7.455320828751627,9.057614913875598,6.762520043137255,7.194955691571789,8.619287804921738,8.667584801190477,8.753080461578758,425.4125114706846,135.3820710303736,147.87386856099903,110.40434038193362,139.09382110280657,146.8091073272929,146.96742767330753,147.8656243578663,1.6757760634628718,489.92264981999995,658.867172,191.900761,564.532523,644.3448497,646.4183887,658.7835110599999
h100nvl-conf02,summarize,1,1600.6391036300001,1616.689614,1579.119581,1599.598427,1607.9881779,1610.0775909000001,1611.55939044,6.356157490158847,6.530338512953367,6.25268075879397,6.332866429648241,6.433394687283614,6.457737066666666,6.529555069015544,123.91152851970239,157.33812749726033,159.93140199802588,153.13141853464907,157.90637795846527,158.08069681312733,158.56881314687908,159.31160259558408,0.6220146002695768,340.85865677999993,360.984228,318.683556,339.6042375,345.5688931,353.29617944999995,359.11923234
h100nvl-conf02,summarize,16,6916.4074485,8657.71703,2731.867056,7063.3154005,7364.9470731,7417.467897849999,8340.2569079,23.503850302407393,34.017068502538066,7.383836502512563,21.358193741206026,32.0245933281407,33.13884386959799,33.62646628100528,441.38061642847805,45.870754946144125,135.43095105907628,29.397006973878078,46.820490760272264,53.13067303758485,62.37712354549143,115.28002385908256,2.2156549190727275,2258.5198468,4821.175937999999,374.607327,2540.2578195,3252.1759365,3614.9569715999987,4570.708280340001
h100nvl-conf02,summarize,4,2679.37171678,2695.4220339999997,2669.298938,2679.4750839999997,2688.8012794,2693.59188065,2695.1554359099996,9.559839597868399,11.9385595,7.334176246231155,9.596315593199156,11.775363748743718,11.832378946428753,11.891310893172587,296.83053123744486,107.80717763603536,136.34796416487458,83.76219928375781,104.56696426329069,135.5781684712083,135.7007349153908,136.2905182923787,1.4884692169162814,782.3723828899999,1229.284817,332.643975,797.542027,1213.2478824,1217.50487795,1226.5869333499998
h100nvl-conf02,think,1,1590.04604464,5398.787984,54.619786,1353.0031105,2985.9704292,3812.203674749999,5086.237824320001,5.912812894037316,6.0778638536585365,3.471176,5.993569696113074,6.006919638529987,6.0129778845187065,6.028197390466632,160.0255656320226,170.41478140193396,288.0868040110902,164.53149068122931,166.84547785412687,168.1483346967925,171.25436927964685,285.47147728591915,0.6231282490246587,55.61510866,83.879066,51.313646,54.439521,59.437900000000006,64.64559614999999,69.14282987000007
h100nvl-conf02,think,128,6824.664557230469,19258.677507,1022.808988,6147.1458635,10825.322657400004,12441.035652899998,15163.393347719992,13.967058680110357,275.534171,7.1496129999999996,13.426651619863014,14.765474125021571,15.409686366479923,23.959391310388206,3603.9642146103183,76.2945103308302,139.86771032222302,3.629313911848705,74.47873317945923,85.57775242931538,103.31091047188453,122.35502253119444,13.189821712107985,3303.713461785156,5245.33521,228.02592099999998,3604.2940194999996,4102.8755408,4232.9699273999995,4938.47563266
h100nvl-conf02,think,16,2389.9757914899997,7656.779001999999,59.270899,2107.505718,4449.3099605,5869.51139075,6905.657589970004,7.423573740275914,9.123893933333333,4.2889678,7.5311307295682575,7.909715037332468,8.022318526074121,8.167139759333338,1767.7778850411964,135.85511164111801,233.1563319267634,109.60232629914614,132.7821862653017,146.77944034382995,154.3803639514891,204.1674544298239,5.833672854308802,120.34209555999999,403.58610799999997,46.242954,68.72290149999999,402.75166019999995,403.24735805,403.58196287
h100nvl-conf02,think,4,1677.21740239,5187.200138,48.119842,1337.3279639999998,3676.7190364000003,3957.3689733499987,5125.13561537,6.385805937552584,7.549461733333333,4.392857,6.385510995708154,6.584657655371253,6.736292563765422,6.942684780051279,580.7388030114261,156.97308888404137,227.64228382576533,132.45977465978456,156.60453809759662,162.2683434334852,162.82643855845527,164.3039852787931,2.2879946537366087,58.02275102,149.68412899999998,44.391985999999996,52.7978445,67.20968120000002,79.35651179999998,149.41571722999998
h100nvl-conf02,think,64,3626.0683761210935,15319.549848999999,69.339056,3200.5953299999996,7056.443807,8525.184659749999,11417.53303269999,14.431579861021822,148.8876357142857,5.943807,13.421787659574466,16.36931628,20.1828087109306,54.47823419999975,2766.2897544969164,78.16706927076893,168.24234030479118,6.716474441967718,74.50572348212104,105.4864163868138,115.66954527103229,135.37123679469047,10.43575268422061,311.73430051171874,1325.310196,57.820018999999995,146.51436099999998,991.7847885,1137.84154825,1324.82899405
v15-70b-tp2-len8k,chat,1,6731.90446022,6754.351729,6702.938173,6731.209272,6735.572117,6739.21443545,6748.56960826,25.95076146088212,26.547017819277105,25.7116546692607,25.930466768627447,25.978518164854098,26.129866161750268,26.348331344447754,37.94712165761997,38.53502417902736,38.89286834563548,37.6690145314119,38.564674093262624,38.58796876479443,38.591214063432204,38.709999377993995,0.14835843950903108,120.25822256,145.172314,117.373167,119.351941,122.8543798,127.21243954999998,134.88285691000004
v15-70b-tp2-len8k,chat,4,7071.78460714,7107.231642,7054.194173,7070.5740325,7077.0129732,7077.6372476,7106.92939599,26.364077320170335,27.368525343873518,25.955222171875,26.076630115686275,27.142823043137255,27.1562122972549,27.319322519960473,144.45902001194153,37.94200778979891,38.527892128143556,36.538322304013036,38.348513429521034,38.377965352898116,38.38804053213363,38.391639944379854,0.5649330100971474,356.65034012999996,454.830581,147.48394299999998,421.9246425,429.1478805,431.19924699999996,454.59978428
v15-8b-tp1-len8k,agent,1,6209.9210731699995,6298.330862,2323.505869,6270.6969905,6274.061172399999,6277.41282355,6282.6001877,6.453398807565081,19.263598645962734,6.046377820375335,6.11071943011811,6.228309520203122,6.59500739172793,15.770515847373352,155.95592747259985,159.61054993265364,165.38827537871654,51.91138054620859,163.64685230247258,164.39322370138777,164.66316059872844,164.89659329049493,0.15888092530751113,64.22925422,89.228116,61.126816,63.011075,68.2288471,69.848186,73.79337745000008
v15-8b-tp1-len8k,agent,128,23791.035399912107,27708.920253999997,7235.4540879999995,24440.0538075,25715.103339999998,26867.04371485,27428.82911288,23.344277232697866,70.52071878571428,18.898254516268977,22.566974601997813,23.989252970738917,31.052511357098396,49.398831916438034,5015.701653884628,43.930035349547175,52.91493979717163,14.180229827756305,44.312541563025306,49.3762895935012,50.74189388079267,51.535284811283994,5.224497895969242,1983.099647220703,4848.06581,150.407635,1506.4762815,4026.2223040999997,4483.918076399999,4777.975303779999
v15-8b-tp1-len8k,agent,16,7626.99177059,8056.378782999999,2613.398358,8007.121435999999,8045.365935899999,8051.9894895,8052.49689697,7.732826288457121,15.491754808314086,6.340667519569471,7.466721129436869,7.762860436979686,9.307944357915103,14.428201174574372,1720.6952039288612,132.11803041886014,157.7121015908274,64.55046651418223,133.92772481748057,138.1789688902173,141.52021462222964,157.25344243978645,1.8216703938605516,470.68930257999995,675.871419,95.992933,414.74042299999996,629.1059042,671.0334471,671.61880173
v15-8b-tp1-len8k,agent,4,6506.2508586,6684.36147,1515.544161,6642.1146545,6648.1061761,6652.6701596,6684.2001089099995,6.562246672744914,10.324213298245613,6.26334118224299,6.385376360315893,6.494675895932539,7.839921079583991,9.831678038384583,585.9487054855534,153.57873231536013,159.6591932170436,96.85968035646157,156.607841291226,157.76157757845414,158.1441171924504,159.61017295172024,0.6000130104505135,154.51571891999998,217.9877,94.640824,170.706243,176.2644244,182.12046515,217.80535289
v15-8b-tp1-len8k,agent,64,14382.582247410155,14812.892280999999,4779.548264,14732.350183999999,14775.981507999999,14785.30256325,14801.98840145,14.095273704510435,79.50521173809524,10.996282650442478,13.363663396726977,14.433333204128306,16.152757842378747,33.12288263367421,4152.906931940592,73.83677909428597,90.93982319195489,12.577791796771557,74.82991666383188,81.15010609667178,82.24349175645126,82.87894423832226,4.328392827066055,1364.3278542109374,2447.746746,145.366449,1368.2393554999999,2250.491974,2341.37483975,2441.59318755
v15-8b-tp1-len8k,batch,1,832.24370961,858.109646,819.482183,831.7161179999999,833.4340215,841.6791655,843.79922867,6.137284509142231,9.035977178571429,5.989789960629921,6.0762608897637795,6.223378975,6.377876030316804,6.623148604093418,151.47720154406784,163.22887389861785,166.9507623093405,110.6687168678859,164.57489539818886,164.9809948156,165.18589426827657,166.22612866314714,1.1938619289412662,61.08297407,87.01569099999999,58.636199999999995,60.146114,61.826275,66.67420109999999,71.82969193000008
v15-8b-tp1-len8k,batch,128,6754.422366082031,7863.459851,5667.445954,6766.3338305,6837.521021,6889.45921085,7576.54087216,33.322923093847216,65.78691016666666,15.276669322834646,32.62283686298413,47.418758454330714,49.34829382813992,51.34632078385826,2395.8980744083847,33.53215468665083,65.45929474988766,15.200592298172507,30.65369977777295,53.43548200564095,60.511962753980875,62.91023967803981,18.860988239319376,2555.0471519648436,4796.994889,110.16782699999999,2580.827446,4408.638524000007,4724.9005748,4775.6617747499995
v15-8b-tp1-len8k,batch,16,1486.33990693,1527.80155,977.9038899999999,1507.2096179999999,1519.9745302,1527.03980845,1527.4198713399999,7.896736924407981,10.793437193548387,6.251204157480315,7.014940520161289,8.976002088709675,10.496440838188976,10.614955280675641,1266.7037396178932,129.28142307532042,159.96917950654034,92.64889229148754,142.55310487824732,145.84753419194993,146.21923999666336,159.96839634337002,9.935710562537402,487.69576923,647.769678,109.477655,407.68235899999996,636.6428599,646.7266979,647.4090536699999
v15-8b-tp1-len8k,batch,4,968.9476991399999,1012.768341,950.062008,968.1225585,974.0804147999999,975.7272111499999,1012.66403757,6.436017963958318,7.242282216666666,6.1866787109375,6.2763782165354325,6.8936775346456685,6.959367673181102,7.182702966346994,522.8455023935604,155.665439494372,161.63761635659026,138.07802155219795,159.32755581535457,160.33205515067937,160.40605907570725,161.433464497022,4.101070690984081,154.97694131999998,221.846365,91.055121,171.1998755,177.976452,181.76419144999997,221.76247141
v15-8b-tp1-len8k,batch,64,3702.030763613281,3750.734649,3582.799361,3704.7942085,3736.4345009999997,3742.92976825,3748.1843748,18.36081662365885,27.577852231999998,10.315392921259843,18.34922727303765,25.678036208661414,26.278720627952755,27.329900016929134,2195.0875180996572,59.31704181145474,96.94250210663498,36.26098187732141,54.49899195528633,91.04015460671043,94.94713665554058,96.81937204227286,17.221121161886312,1380.0145862812499,2407.780946,123.59867299999999,1369.7876899999999,2292.8215849999997,2379.3748355,2398.3932004499998
v15-8b-tp1-len8k,chat,1,1583.2573651199998,1613.852476,891.411855,1594.6383415,1599.2876852999998,1605.1047044499999,1609.01447173,6.101816396720677,6.58372838034188,5.981031560311283,6.082171164031621,6.175153839357429,6.228322284520806,6.569878715348484,156.68570675273338,163.92554190399485,167.1952388005715,151.88961971545854,164.4149718935974,165.8864113988443,165.93440968281814,166.50580051550045,0.6236991750367541,56.917404340000004,78.49136899999999,53.547647999999995,55.602107,61.4370932,66.25915155,68.71124018000005
v15-8b-tp1-len8k,chat,128,5661.346132537109,6715.273679999999,3455.2165579999996,5759.636775,5991.4015246,6201.6682315,6482.09194985,18.29724160702911,51.50501586746987,12.99357162385321,18.187637773327328,21.345462232549018,21.834791320833332,23.571355881607104,5562.350249712844,55.84324845493103,76.9611334703562,19.41558473786611,54.98240165254144,68.12609310691809,72.93700735000887,75.41197141953347,22.278815998098867,1131.0059968613282,2414.839485,93.795585,1135.168688,2058.0561725999996,2208.6472834499996,2369.70699694
v15-8b-tp1-len8k,chat,16,2022.13297105,2086.0723009999997,1384.9530519999998,2039.0420815,2084.9602335,2085.3149520499996,2085.79056482,6.678836885904376,7.574250689516129,6.258074007936508,6.610071194444444,6.853576095884773,7.475894571905388,7.5446408125578115,1795.901850460122,149.92212864574088,159.79357206894596,132.02626120946144,151.28430136428798,153.11200603502593,153.17528581382913,159.03908587456013,7.124050340989813,345.27176088,414.808182,96.17634199999999,367.0782335,413.4309821,413.84343485,414.46105236
v15-8b-tp1-len8k,chat,4,1661.5040425399998,1723.58693,306.254571,1688.700498,1694.891158,1695.5528955999998,1723.4609970499998,6.26796591584171,6.728884790598291,6.1522827265624995,6.258470154481793,6.381058077400796,6.433429530823293,6.612648226542347,586.7337034441366,159.5811847299061,162.54129474292472,148.61303635295056,159.78370505679243,161.93499624703225,162.02973615892364,162.47193204158032,2.356265625654137,107.88113954999999,148.611457,83.722807,111.3779215,119.4755693,121.4204649,148.46429844999997
v15-8b-tp1-len8k,chat,64,3565.8078444140624,3664.011203,1846.9581549999998,3588.383625,3647.7470704999996,3653.1168267499997,3659.0595049999997,10.999190793313845,21.42363826890756,9.237384909803922,11.003934148857143,12.991963209243696,13.228030906652661,13.743551789128665,4466.278114485773,92.36722979574202,108.25574659541024,46.677412465991566,90.87709256693557,106.167060242552,107.05344801368166,107.63435109690862,17.779271910749006,822.4609856835937,1255.4253469999999,111.544327,884.8952704999999,1222.229895,1247.4047982499999,1254.22770165
v15-8b-tp1-len8k,rag,1,1772.84623969,1785.846129,1762.211082,1772.2416325,1778.2827375,1779.4295837,1783.53762918,6.235303763216281,6.469311338775509,6.157271356862745,6.215783433333334,6.290359342857142,6.3305380028,6.41977890654565,143.08859493202434,160.38647349290306,162.40960354710114,154.575958341383,160.88076627286324,161.3024964863655,161.43854546734372,162.40216872030743,0.5614840485482041,190.16253213999997,205.78178599999998,182.566969,189.03341799999998,194.5129346,196.81191079999996,205.45873315999998
v15-8b-tp1-len8k,rag,16,4684.95825827,5201.368393,2384.991557,4774.714633,4821.066012,4896.514365149999,4958.293554400001,12.644243597182934,18.029438766798418,6.789818733333333,12.396711133647058,16.706685312453295,17.607150280980388,18.00895528332016,819.7461294575954,83.29016442562335,147.27933679446974,55.464843522557146,80.68367923308824,108.30716718077117,111.26199267521517,147.27138281415176,3.2187298942107567,1476.7519948499998,2510.024211,209.540855,1488.884439,2348.0854701000007,2472.3491119,2509.99619895
v15-8b-tp1-len8k,rag,4,2376.13548067,2390.012568,2354.0621419999998,2377.206945,2382.7895046,2383.70551115,2390.0076942299997,7.421138992425498,8.690525478087649,6.781064803921568,7.1413436610173475,8.554579800784314,8.589047028396251,8.681806236494022,427.93185976135476,135.93658928336288,147.46946518217734,115.0678405490447,140.1547456892909,147.28562888188554,147.32963143805733,147.4118955867827,1.6773090571918425,490.24441156,659.526451,191.36853,567.729693,647.9437528,648.7091003999999,659.3257601799999
v15-8b-tp1-len8k,think,1,1823.94265698,5634.007909999999,53.753572,1665.0509935,3469.1475976,4117.075944849999,4638.292061840005,5.976451307833076,6.06073495,3.9306859999999997,6.019636945054945,6.034651727811486,6.038857290888096,6.056949436560975,160.0751743126319,167.67714560372139,254.4085180042364,164.99649106087372,166.12297537669397,167.36707571273732,169.50102260838364,194.45544887307213,0.5436966724836353,56.04377356,92.289183,51.02619,54.6310155,59.533233500000016,66.99934979999999,71.05464726000011
v15-8b-tp1-len8k,think,128,5936.516560130859,25335.47844,98.965976,4830.8569655,12446.554065800003,14292.817029149997,18306.073219599995,23.600977420252374,291.34672366666666,9.027489177890724,21.661657818897638,26.525679531468537,34.42163620426665,106.67615800742027,4718.281110257698,48.74732883045367,110.77277195181864,3.4323365212924517,46.1645183559127,67.84156872987421,80.60891182880408,93.0424539322317,17.388700025566962,509.0555538359375,2511.568369,73.068167,212.02995099999998,1636.8741796,2192.4071452499998,2503.28730423
v15-8b-tp1-len8k,think,16,2133.91911841,8422.258238,86.359087,1598.015033,4473.0755947000025,5244.478975699999,7199.190897560005,7.606754573294321,10.227803333333334,5.0840749999999995,7.6888910380200866,8.031572933613447,8.42573747506321,9.060902224712649,1700.9166824602178,132.32978035101382,196.69261370062398,97.77270518498432,130.05776713987217,144.87035717891484,149.43775758719076,157.68447338115973,6.379314714999129,111.55889044,361.876508,42.281042,78.7812625,360.13509339999996,361.02333074999996,361.33715995999995
v15-8b-tp1-len8k,think,4,1750.8124363399997,6085.106462,55.906484999999996,1500.681412,3876.382650400001,4204.808607649999,5436.242059880003,6.286030570426256,8.192224,2.483399,6.350315585575719,6.483991864490655,6.580987916860179,6.932448082187506,597.2504385998867,161.24077386622855,402.67391587094943,122.0669747311597,157.4724943638413,162.5050824255411,166.75081358886538,240.5078430047291,2.2427729575662285,57.93605581,154.01177199999998,43.869914,51.5223745,75.112684,79.64231679999999,153.58668679
v15-8b-tp1-len8k,think,64,3707.2418346874997,12352.178697,61.022473,3043.199467,7447.3216845,8812.37065275,11441.493353999993,16.54129146155855,285.299265,7.960799,13.144556582445855,15.728837470158357,19.54711380833333,142.87642647249984,3804.5823908531497,77.55640530446229,125.61553180779968,3.5050913993767208,76.0771213484179,98.96131469623734,111.35370724571168,123.89205994332491,14.02914068503286,306.82506980859375,1324.695872,54.039691999999995,133.76165749999998,867.2824224999999,1151.29494675,1322.6381537
